0,1,1,1,1,1,0,0,0,0,0,0,0,616,136,397,388,201,442,376,656,381,1015,0,0,0,0,0,0,0,0,0,0
1,1,1,1,1,1,0,0,0,0,0,498,96,444,277,607,499,764,511,620,680,613,1006,0,0,0,0,0,0,0,0,0,0
0,0,0,0,0,1,1,1,1,1,1,0,0,0,0,0,0,0,0,0,0,364,198,709,304,504,602,760,653,902,736,376,824
0,1,1,1,1,1,1,1,1,1,0,0,0,490,40,617,171,727,204,631,310,625,538,357,611,523,829,340,845,611,1010,0,0
1,1,1,1,1,1,0,0,0,0,0,539,82,601,270,436,484,277,480,420,665,423,908,0,0,0,0,0,0,0,0,0,0
0,0,0,0,0,1,1,1,1,0,1,0,0,0,0,0,0,0,0,0,0,619,250,258,406,484,754,253,823,0,0,652,1010
1,1,1,1,1,1,0,0,0,0,0,498,79,448,268,616,515,779,542,632,710,635,1018,0,0,0,0,0,0,0,0,0,0
0,0,0,0,0,1,1,1,1,1,1,0,0,0,0,0,0,0,0,0,0,593,171,253,334,463,614,240,671,111,740,581,868
1,1,1,1,1,0,1,0,0,0,0,492,87,551,271,381,527,210,539,381,722,0,0,390,1010,0,0,0,0,0,0,0,0
0,0,0,0,0,1,1,1,1,0,0,0,0,0,0,0,0,0,0,0,0,418,100,982,364,631,839,995,922,0,0,0,0
0,1,1,1,1,1,1,1,1,0,0,0,0,495,70,623,207,727,255,634,346,638,560,372,686,533,925,352,959,0,0,0,0
0,0,0,0,0,1,1,1,1,1,1,0,0,0,0,0,0,0,0,0,0,376,249,754,406,520,752,751,824,934,937,360,1012
0,0,0,1,1,1,1,1,1,0,0,0,0,0,0,0,0,256,13,399,183,402,429,697,535,487,838,716,926,0,0,0,0
1,1,1,1,1,1,0,0,0,0,0,536,124,487,303,617,526,787,539,638,692,631,950,0,0,0,0,0,0,0,0,0,0
0,1,1,1,1,1,1,1,1,0,0,0,0,578,115,481,262,358,292,469,406,478,601,716,739,551,986,737,1016,0,0,0,0
0,1,1,1,1,1,1,1,1,0,0,0,0,486,109,598,255,724,283,607,391,602,595,358,701,507,947,348,965,0,0,0,0
0,0,0,0,1,1,1,1,1,0,0,0,0,0,0,0,0,0,0,520,61,520,351,238,481,406,793,226,902,0,0,0,0
1,1,1,1,1,1,0,0,0,0,0,480,129,535,313,414,532,261,526,403,688,412,934,0,0,0,0,0,0,0,0,0,0
0,0,0,0,1,1,1,1,1,1,0,0,0,0,0,0,0,0,0,611,112,605,370,286,518,478,835,291,895,150,1003,0,0
1,1,1,1,1,1,1,0,0,0,0,499,126,453,288,577,480,745,507,578,614,566,916,304,1010,0,0,0,0,0,0,0,0
0,0,0,1,1,1,1,1,1,1,0,0,0,0,0,0,0,220,7,336,81,361,358,665,468,475,808,674,860,812,958,0,0
1,1,1,1,1,1,0,0,0,0,0,439,124,501,315,349,484,222,511,342,643,363,880,0,0,0,0,0,0,0,0,0,0
0,0,0,0,0,1,1,1,1,0,0,0,0,0,0,0,0,0,0,0,0,574,148,124,304,408,767,97,904,0,0,0,0
0,1,1,1,1,1,1,1,1,0,0,0,0,539,69,436,220,307,253,429,352,456,584,680,673,530,905,677,938,0,0,0,0
0,0,1,1,1,1,0,0,0,0,0,0,0,0,0,649,31,968,49,680,373,673,887,0,0,0,0,0,0,0,0,0,0
0,0,0,1,1,1,1,1,1,0,0,0,0,0,0,0,0,238,46,364,186,358,424,656,530,451,839,680,916,0,0,0,0
0,1,1,1,1,0,0,0,0,0,0,0,0,394,201,641,490,895,572,665,784,0,0,0,0,0,0,0,0,0,0,0,0
0,1,1,1,1,1,1,1,1,0,0,0,0,507,114,414,264,294,300,406,406,403,598,649,743,472,961,665,1018,0,0,0,0
0,0,0,0,1,1,1,1,1,0,0,0,0,0,0,0,0,0,0,529,49,545,367,249,474,427,794,222,874,0,0,0,0
1,1,1,1,1,1,0,0,0,0,0,457,241,507,406,397,592,277,610,391,740,388,950,0,0,0,0,0,0,0,0,0,0
0,0,0,0,1,0,1,1,1,0,0,0,0,0,0,0,0,0,0,545,366,0,0,231,498,421,815,216,853,0,0,0,0
1,1,1,1,1,1,0,0,0,0,0,499,129,453,292,571,480,740,511,566,640,589,934,0,0,0,0,0,0,0,0,0,0
0,0,0,0,1,1,1,1,1,1,0,0,0,0,0,0,0,0,0,367,63,397,354,686,480,480,779,680,853,814,926,0,0
1,1,1,1,1,1,0,0,0,0,0,457,117,508,277,385,486,226,507,378,652,409,908,0,0,0,0,0,0,0,0,0,0
0,1,1,1,1,1,1,1,1,1,0,0,0,508,67,409,219,280,247,403,352,426,556,655,680,498,911,656,955,758,1009,0,0
0,1,1,1,1,1,1,1,0,0,0,0,0,475,103,590,246,727,286,586,384,602,649,345,749,504,1019,0,0,0,0,0,0
0,0,0,0,1,1,1,1,1,1,1,0,0,0,0,0,0,0,0,352,57,361,273,671,396,510,676,673,718,827,802,378,914
1,1,1,1,1,1,1,0,0,0,0,548,124,507,304,643,478,769,505,643,634,652,853,357,971,0,0,0,0,0,0,0,0
0,1,1,1,1,1,1,1,1,0,0,0,0,486,105,595,210,692,252,590,348,604,524,370,619,499,839,361,859,0,0,0,0
0,1,1,1,1,1,1,1,1,0,1,0,0,557,100,448,214,349,240,439,339,448,523,689,614,560,833,706,850,0,0,457,1018
0,0,0,0,1,1,1,0,0,0,0,0,0,0,0,0,0,0,0,285,240,312,679,733,892,0,0,0,0,0,0,0,0
0,0,0,0,1,1,1,1,1,1,1,0,0,0,0,0,0,0,0,553,61,545,348,238,442,433,737,261,802,144,898,553,991
1,1,1,1,1,1,1,0,0,0,0,498,129,451,295,583,490,722,515,586,650,578,889,280,997,0,0,0,0,0,0,0,0
0,0,0,0,1,1,1,1,1,1,0,0,0,0,0,0,0,0,0,550,55,559,286,262,405,432,692,258,733,566,925,0,0
0,0,0,0,0,0,0,1,1,1,1,0,0,0,0,0,0,0,0,0,0,0,0,0,0,462,400,722,484,962,703,276,916
1,1,1,1,1,1,1,0,0,0,0,447,124,496,285,370,486,241,515,361,640,370,881,679,1000,0,0,0,0,0,0,0,0
0,0,0,0,0,1,1,1,1,0,0,0,0,0,0,0,0,0,0,0,0,688,178,166,403,505,910,187,1001,0,0,0,0
0,0,0,0,0,1,1,1,1,1,0,0,0,0,0,0,0,0,0,0,0,300,48,764,229,495,704,770,739,979,911,0,0
0,0,0,0,1,1,1,1,1,0,1,0,0,0,0,0,0,0,0,427,64,435,277,734,385,574,682,757,688,0,0,472,896
1,1,1,1,1,1,1,0,0,0,0,489,135,444,309,580,475,697,511,577,635,587,853,298,973,0,0,0,0,0,0,0,0
0,1,1,1,1,1,1,1,1,0,1,0,0,483,106,590,207,683,259,595,342,602,518,369,613,507,835,348,856,0,0,593,1009
0,1,1,1,1,1,1,1,1,0,1,0,0,572,75,468,207,372,232,457,331,465,511,703,605,572,827,727,827,0,0,489,1004
0,0,0,0,1,1,1,1,1,1,1,0,0,0,0,0,0,0,0,596,63,592,303,303,450,496,728,324,775,205,854,610,970
0,0,0,0,1,1,1,1,1,0,1,0,0,0,0,0,0,0,0,575,72,583,280,291,402,466,694,277,718,0,0,586,911
0,0,0,1,1,1,1,1,1,0,1,0,0,0,0,0,0,337,27,439,73,433,307,736,406,548,706,754,740,0,0,465,940
1,1,1,1,1,1,1,0,0,0,0,480,126,530,285,394,475,289,517,397,637,396,865,694,1006,0,0,0,0,0,0,0,0
0,1,1,1,1,1,1,1,1,0,0,0,0,571,84,471,213,375,241,471,346,468,536,715,626,559,853,728,871,0,0,0,0
0,1,1,1,1,1,1,1,1,1,0,0,0,484,82,577,216,689,252,581,349,578,538,343,644,508,859,349,890,249,958,0,0
1,1,1,1,1,1,1,0,0,0,0,454,115,415,270,541,456,712,480,545,629,551,868,246,979,0,0,0,0,0,0,0,0
0,0,0,0,1,1,1,1,1,1,1,0,0,0,0,0,0,0,0,399,45,387,288,683,412,510,686,712,769,823,869,384,920
0,1,1,1,1,1,1,1,1,1,1,0,0,495,75,602,189,725,220,605,327,605,523,361,622,498,839,342,880,279,935,620,1019
0,1,1,1,1,1,1,1,1,0,1,0,0,578,82,480,192,376,220,483,327,480,518,718,634,581,842,742,898,0,0,475,1022
0,0,0,0,1,1,1,1,1,0,1,0,0,0,0,0,0,0,0,541,43,544,253,258,358,445,649,261,677,0,0,610,802
1,1,1,1,1,1,1,0,0,0,0,480,117,527,285,390,453,273,466,399,613,393,850,686,1016,0,0,0,0,0,0,0,0
1,1,1,1,1,1,1,0,0,0,0,501,120,462,283,583,451,731,466,598,622,598,833,319,946,0,0,0,0,0,0,0,0
0,0,0,0,1,1,1,1,1,1,1,0,0,0,0,0,0,0,0,575,27,586,277,277,421,448,686,268,755,180,832,595,905
0,0,0,0,1,1,1,1,1,1,1,0,0,0,0,0,0,0,0,346,43,346,261,626,351,444,614,656,662,791,751,315,799
1,1,1,1,1,1,1,0,0,0,0,451,114,501,282,372,448,279,518,364,625,363,826,638,976,0,0,0,0,0,0,0,0
0,1,1,1,1,1,1,1,1,0,1,0,0,463,73,560,184,677,217,572,324,571,498,345,584,495,781,330,814,0,0,616,931
0,1,1,1,1,1,1,1,1,1,1,0,0,501,75,402,190,315,235,390,327,391,507,619,592,469,787,640,824,745,890,364,917
1,1,1,1,1,1,1,0,0,0,0,514,76,471,243,601,430,763,457,610,610,620,862,300,1007,0,0,0,0,0,0,0,0
0,0,0,0,1,1,1,1,1,1,1,0,0,0,0,0,0,0,0,385,45,375,289,665,421,492,692,700,755,808,829,387,916
0,0,0,0,0,1,1,1,1,0,1,0,0,0,0,0,0,0,0,0,0,671,33,175,244,463,658,109,701,0,0,671,998
0,1,1,1,1,0,0,0,0,0,0,0,0,495,168,325,396,138,432,327,661,0,0,0,0,0,0,0,0,0,0,0,0
0,0,0,0,1,1,1,1,1,0,1,0,0,0,0,0,0,0,0,550,39,556,249,267,364,466,614,258,664,0,0,598,791
1,1,1,1,0,1,0,0,0,0,0,454,142,496,289,376,456,382,619,0,0,367,866,0,0,0,0,0,0,0,0,0,0
1,1,1,1,1,1,1,0,0,0,0,502,123,465,276,577,451,724,465,599,617,593,836,316,940,0,0,0,0,0,0,0,0
0,0,0,0,1,1,1,1,1,0,1,0,0,0,0,0,0,0,0,557,21,566,277,255,409,441,688,225,739,0,0,574,905
0,0,0,0,0,0,0,1,1,1,1,0,0,0,0,0,0,0,0,0,0,0,0,0,0,432,195,740,270,947,414,307,547
1,1,1,1,1,1,1,0,0,0,0,462,243,504,381,391,520,313,554,388,664,384,847,610,985,0,0,0,0,0,0,0,0
0,1,1,1,1,1,1,1,1,0,1,0,0,474,64,569,186,679,226,578,331,584,510,367,586,515,782,343,805,0,0,620,911
0,1,1,1,1,1,0,0,0,0,0,0,0,507,175,333,397,189,515,316,676,309,1009,0,0,0,0,0,0,0,0,0,0
0,0,0,1,1,1,1,0,0,0,0,0,0,0,0,0,0,193,12,373,154,394,593,851,874,0,0,0,0,0,0,0,0
0,1,1,1,1,1,1,1,1,1,1,0,0,489,91,595,208,718,261,608,348,607,538,364,650,520,850,354,886,267,968,635,1018
0,1,1,1,1,1,1,1,1,1,1,0,0,526,90,420,211,298,267,411,351,426,539,670,653,518,844,679,883,763,938,405,1021
0,0,0,1,1,1,1,1,1,1,1,0,0,0,0,0,0,749,6,599,85,607,328,307,481,518,748,306,839,231,899,715,934
1,1,1,1,1,1,0,0,0,0,0,475,112,526,288,250,489,249,492,379,620,388,862,0,0,0,0,0,0,0,0,0,0
0,0,0,0,1,1,0,0,0,0,0,0,0,0,0,0,0,0,0,668,288,670,781,0,0,0,0,0,0,0,0,0,0
0,0,0,0,1,1,1,1,1,1,1,0,0,0,0,0,0,0,0,574,114,569,342,270,442,468,698,265,764,165,856,625,914
0,0,0,1,1,1,1,1,1,1,1,0,0,0,0,0,0,298,4,423,78,420,315,721,460,502,730,743,833,826,908,387,958
0,1,1,1,1,0,0,0,0,0,0,0,0,495,172,297,433,133,550,313,718,0,0,0,0,0,0,0,0,0,0,0,0
0,1,1,1,1,1,1,1,1,0,0,0,0,457,90,560,220,682,276,562,366,559,557,327,683,487,890,312,943,0,0,0,0
0,0,0,0,1,1,1,1,1,1,1,0,0,0,0,0,0,0,0,393,69,402,291,703,438,508,686,722,731,850,808,387,896
0,1,1,1,1,1,1,1,1,1,1,0,0,486,87,593,205,713,259,601,352,599,538,358,644,523,857,345,883,243,955,617,1010
0,1,1,1,1,1,1,1,1,0,1,0,0,548,91,448,211,336,265,441,346,456,532,689,640,538,839,707,862,0,0,442,1001
0,0,0,0,0,0,0,1,1,1,1,0,0,0,0,0,0,0,0,0,0,0,0,0,0,538,460,192,635,55,760,793,823
1,1,1,1,1,1,0,0,0,0,0,456,124,504,292,375,472,231,515,369,644,381,877,0,0,0,0,0,0,0,0,0,0
0,0,0,0,1,1,1,1,1,0,1,0,0,0,0,0,0,0,0,580,70,575,294,273,432,469,694,246,746,0,0,599,908
0,0,0,1,1,1,1,1,1,1,1,0,0,0,0,0,0,262,15,370,85,361,318,652,460,429,731,674,824,775,907,336,959
1,1,1,0,1,1,0,0,0,0,0,445,124,496,291,358,478,0,0,372,649,366,887,0,0,0,0,0,0,0,0,0,0
0,1,1,1,1,1,1,1,1,0,0,0,0,577,90,471,217,384,283,477,358,471,548,706,676,529,872,722,944,0,0,0,0
0,1,1,1,1,1,1,1,1,0,0,0,0,465,90,568,222,683,283,569,370,572,562,336,682,508,889,316,944,0,0,0,0
0,0,0,0,1,1,1,1,1,1,1,0,0,0,0,0,0,0,0,580,60,563,354,262,515,480,788,280,920,186,1015,701,1019
0,0,0,0,1,1,1,1,1,1,0,0,0,0,0,0,0,0,0,406,82,409,345,716,471,536,778,736,860,841,932,0,0
0,1,1,1,1,0,0,0,0,0,0,0,0,502,181,728,451,982,536,715,754,0,0,0,0,0,0,0,0,0,0,0,0
0,1,1,1,1,1,1,1,1,1,0,0,0,493,66,611,196,724,258,602,352,587,563,357,712,523,878,361,947,276,995,0,0
1,1,1,1,1,1,0,0,0,0,0,513,88,466,271,602,480,769,504,601,655,587,904,0,0,0,0,0,0,0,0,0,0
1,1,1,1,1,1,0,0,0,0,0,533,106,584,297,456,484,279,487,454,659,456,901,0,0,0,0,0,0,0,0,0,0
1,1,1,1,1,1,0,0,0,0,0,548,91,496,267,631,450,790,487,625,629,608,901,0,0,0,0,0,0,0,0,0,0
0,1,1,1,1,1,1,1,1,1,0,0,0,535,84,441,211,295,235,444,343,447,556,688,710,518,895,688,949,760,997,0,0
0,0,0,0,1,1,1,0,0,0,0,0,0,0,0,0,0,0,0,433,28,445,553,898,989,0,0,0,0,0,0,0,0
0,0,0,0,0,0,0,1,1,1,1,0,0,0,0,0,0,0,0,0,0,0,0,0,0,498,456,222,622,63,772,811,977
1,1,1,1,1,1,0,0,0,0,0,489,102,538,268,421,462,244,466,420,623,432,883,0,0,0,0,0,0,0,0,0,0
0,0,0,0,1,1,1,0,1,1,1,0,0,0,0,0,0,0,0,574,64,569,354,271,515,0,0,274,904,153,997,685,1006
1,1,1,1,1,1,0,0,0,0,0,484,93,536,280,405,477,238,486,412,691,414,941,0,0,0,0,0,0,0,0,0,0
0,0,0,0,0,1,1,1,1,0,0,0,0,0,0,0,0,0,0,0,0,704,217,253,465,589,857,244,992,0,0,0,0
0,1,1,1,1,0,0,0,0,0,0,0,0,661,193,460,457,184,502,459,766,0,0,0,0,0,0,0,0,0,0,0,0
1,1,1,1,1,1,0,0,0,0,0,544,102,493,271,628,463,775,483,625,620,619,878,0,0,0,0,0,0,0,0,0,0
0,0,0,0,1,1,1,1,1,1,1,0,0,0,0,0,0,0,0,405,96,403,346,710,480,514,781,743,848,868,926,361,1019
0,0,0,0,1,1,1,1,1,0,1,0,0,0,0,0,0,0,0,569,28,562,292,262,474,481,706,250,805,0,0,647,964
1,1,1,1,1,1,0,0,0,0,0,492,73,441,252,578,468,737,493,577,641,569,908,0,0,0,0,0,0,0,0,0,0
1,1,1,1,1,1,0,0,0,0,0,523,79,574,243,451,447,283,453,451,614,456,874,0,0,0,0,0,0,0,0,0,0
0,0,0,0,1,1,1,1,1,1,1,0,0,0,0,0,0,0,0,415,22,412,285,718,498,499,734,749,808,880,883,378,994
0,1,1,1,1,1,1,1,1,0,0,0,0,513,78,631,241,757,286,632,385,619,617,370,764,557,952,361,1015,0,0,0,0
0,1,1,1,1,1,1,1,1,0,0,0,0,581,88,486,217,354,238,484,355,486,557,721,719,553,898,751,928,0,0,0,0
0,0,0,0,1,1,1,0,0,0,0,0,0,0,0,0,0,0,0,679,72,685,560,220,833,0,0,0,0,0,0,0,0
1,1,1,1,1,1,0,0,0,0,0,484,91,536,259,393,450,274,457,393,616,402,854,0,0,0,0,0,0,0,0,0,0
0,1,1,1,1,1,1,1,1,0,0,0,0,581,73,468,204,369,232,469,346,471,536,725,655,554,866,722,934,0,0,0,0
0,1,1,1,1,1,1,1,1,1,0,0,0,489,85,604,205,709,249,605,354,605,538,357,662,526,869,363,941,271,1019,0,0
0,0,0,0,1,1,1,0,0,0,0,0,0,0,0,0,0,0,0,685,180,686,629,256,866,0,0,0,0,0,0,0,0
0,0,0,0,1,1,1,1,1,1,1,0,0,0,0,0,0,0,0,397,37,396,276,721,412,502,698,722,788,845,926,369,934
1,1,1,1,1,1,0,0,0,0,0,553,97,510,274,640,451,776,475,655,625,650,863,0,0,0,0,0,0,0,0,0,0
0,0,0,0,1,1,1,1,1,1,1,0,0,0,0,0,0,0,0,580,4,581,240,285,346,475,631,292,716,198,805,649,833
0,0,0,0,0,0,0,1,1,1,1,0,0,0,0,0,0,0,0,0,0,0,0,0,0,587,211,898,385,1004,568,351,619
1,1,1,1,1,1,1,0,0,0,0,541,103,584,267,475,436,312,478,457,592,465,818,755,952,0,0,0,0,0,0,0,0
0,0,0,0,0,0,1,1,1,0,1,0,0,0,0,0,0,0,0,0,0,0,0,916,162,610,575,943,697,0,0,357,887
0,1,1,1,1,1,1,1,1,1,1,0,0,496,70,598,196,709,247,602,321,601,507,375,599,524,803,364,848,297,931,646,953
0,0,0,0,0,1,1,1,1,1,1,0,0,0,0,0,0,0,0,0,0,631,243,309,414,539,694,318,797,181,902,673,916
0,1,1,1,1,1,1,1,1,1,0,0,0,489,87,595,210,701,249,604,345,607,541,361,653,533,862,349,925,255,1019,0,0
0,1,1,1,1,1,0,1,1,0,1,0,0,580,78,478,207,373,232,474,343,721,644,0,0,548,856,725,911,0,0,469,1018
1,1,1,1,1,1,1,0,0,0,0,539,93,501,250,625,426,773,475,629,593,631,820,354,955,0,0,0,0,0,0,0,0
0,0,0,0,0,1,1,0,0,0,0,0,0,0,0,0,0,0,0,0,0,674,463,253,695,0,0,0,0,0,0,0,0
0,0,0,0,0,1,1,1,1,1,1,0,0,0,0,0,0,0,0,0,0,397,231,715,417,492,695,718,776,851,895,381,928
1,1,1,1,1,1,1,0,0,0,0,541,69,493,250,631,435,772,450,637,614,638,847,331,1012,0,0,0,0,0,0,0,0
1,1,1,1,1,1,1,0,0,0,0,490,105,538,270,429,444,283,475,417,596,421,809,694,965,0,0,0,0,0,0,0,0
0,0,0,0,0,1,1,1,1,1,1,0,0,0,0,0,0,0,0,0,0,412,192,704,334,508,620,728,683,839,770,369,814
0,1,1,1,1,1,0,0,0,0,0,0,0,481,133,655,373,878,480,665,643,671,1013,0,0,0,0,0,0,0,0,0,0
0,1,1,1,1,1,0,0,0,0,0,0,0,617,127,444,369,222,465,433,635,433,997,0,0,0,0,0,0,0,0,0,0
0,0,0,0,1,1,1,1,1,1,1,0,0,0,0,0,0,0,0,608,78,592,346,256,481,492,767,252,887,109,1001,686,1004
1,1,1,1,1,1,0,0,0,0,0,517,99,577,310,423,492,265,480,430,664,435,910,0,0,0,0,0,0,0,0,0,0
0,1,1,1,1,0,0,0,0,0,0,0,0,465,181,701,481,922,505,698,770,0,0,0,0,0,0,0,0,0,0,0,0
0,1,1,1,1,1,1,1,1,0,0,0,0,578,94,459,241,327,240,465,381,468,578,724,697,553,916,745,962,0,0,0,0
0,0,0,0,1,1,1,1,1,1,1,0,0,0,0,0,0,0,0,391,76,391,333,724,468,504,775,737,854,886,956,366,1013
1,1,1,1,1,1,1,0,0,0,0,504,100,456,280,586,460,742,471,589,622,590,851,301,980,0,0,0,0,0,0,0,0
1,1,1,1,1,1,0,0,0,0,0,513,100,460,301,623,502,767,495,622,650,604,896,0,0,0,0,0,0,0,0,0,0
0,0,0,0,1,1,1,1,1,1,1,0,0,0,0,0,0,0,0,583,22,589,253,280,384,483,658,291,748,162,838,644,868
0,0,0,0,1,1,1,1,1,1,1,0,0,0,0,0,0,0,0,406,12,417,249,719,384,523,658,721,734,835,817,382,878
1,1,1,1,1,1,1,0,0,0,0,486,97,539,274,414,466,264,492,412,622,426,848,712,968,0,0,0,0,0,0,0,0
0,0,0,0,0,1,1,1,1,1,1,0,0,0,0,0,0,0,0,0,0,665,24,229,234,524,652,243,745,78,869,739,992
0,1,1,1,1,1,1,1,1,0,1,0,0,574,84,483,207,360,235,478,337,490,513,715,616,572,827,716,863,0,0,468,1004
0,0,0,0,1,1,1,1,1,0,1,0,0,0,0,0,0,0,0,587,87,581,351,259,477,493,766,240,869,0,0,655,1000
1,1,1,1,1,1,0,0,0,0,0,486,91,544,297,406,493,237,469,408,655,409,911,0,0,0,0,0,0,0,0,0,0
0,1,1,1,1,0,0,0,0,0,0,0,0,463,190,700,492,901,539,701,796,0,0,0,0,0,0,0,0,0,0,0,0
0,1,1,1,1,1,1,1,1,0,0,0,0,572,88,468,241,328,249,472,379,468,575,721,692,547,914,734,959,0,0,0,0
1,1,1,1,1,1,1,0,0,0,0,545,108,505,271,623,465,784,483,626,620,625,848,352,970,0,0,0,0,0,0,0,0
0,0,0,0,1,1,1,1,1,0,1,0,0,0,0,0,0,0,0,456,78,451,327,782,475,557,769,793,844,0,0,435,1016
0,0,0,0,1,1,1,1,1,1,1,0,0,0,0,0,0,0,0,583,33,583,252,286,379,498,659,291,734,127,815,617,857
1,1,1,1,1,1,0,0,0,0,0,553,79,498,285,652,490,806,466,656,662,647,914,0,0,0,0,0,0,0,0,0,0
1,1,1,1,1,1,1,0,0,0,0,486,106,539,274,424,460,283,493,414,620,430,847,707,965,0,0,0,0,0,0,0,0
0,0,0,0,1,1,1,1,1,0,1,0,0,0,0,0,0,0,0,454,15,463,249,755,396,559,655,767,724,0,0,438,877
0,0,0,0,0,1,1,1,1,0,1,0,0,0,0,0,0,0,0,0,0,551,252,163,426,417,740,145,850,0,0,602,974
1,1,1,1,1,1,0,0,0,0,0,442,57,510,253,343,477,159,483,328,689,337,1015,0,0,0,0,0,0,0,0,0,0
0,1,1,1,1,1,1,1,1,0,0,0,0,448,84,559,216,698,237,577,366,569,563,295,694,481,902,279,973,0,0,0,0
0,1,1,1,1,1,1,1,1,0,0,0,0,544,75,436,210,295,226,421,363,426,563,700,701,514,901,691,971,0,0,0,0
0,0,0,0,0,1,1,1,1,0,1,0,0,0,0,0,0,0,0,0,0,394,265,785,462,518,751,781,865,0,0,363,1004
1,1,1,1,1,1,0,0,0,0,0,441,57,390,243,526,427,724,457,536,617,529,887,0,0,0,0,0,0,0,0,0,0
0,0,0,0,0,1,1,1,1,0,1,0,0,0,0,0,0,0,0,0,0,520,150,184,330,423,593,223,710,0,0,539,851
1,1,1,1,1,1,0,0,0,0,0,526,78,466,280,620,498,811,483,650,689,637,971,0,0,0,0,0,0,0,0,0,0
0,0,0,0,0,1,1,1,1,0,1,0,0,0,0,0,0,0,0,0,0,429,153,782,340,533,602,790,716,0,0,372,814
1,1,1,1,1,1,1,0,0,0,0,553,57,602,232,466,406,316,441,459,574,463,808,782,1009,0,0,0,0,0,0,0,0
0,1,1,1,1,1,1,1,1,0,1,0,0,544,46,444,154,321,205,427,295,435,478,691,623,508,803,709,869,0,0,399,955
0,1,1,1,1,1,1,1,1,1,1,0,0,492,72,586,175,706,214,590,304,589,480,354,608,524,794,366,853,292,919,599,986
0,0,0,0,0,1,1,1,1,1,1,0,0,0,0,0,0,0,0,0,0,535,183,252,360,450,611,288,737,183,839,628,845
1,1,1,1,1,1,1,0,0,0,0,538,51,590,207,474,397,331,415,478,545,480,775,748,947,0,0,0,0,0,0,0,0
0,1,1,1,1,1,1,1,1,1,1,0,0,483,78,580,201,697,234,572,316,565,493,367,614,507,803,388,869,316,941,631,973
0,1,1,1,1,1,1,1,1,1,1,0,0,542,75,453,192,346,219,462,315,465,490,671,628,529,803,655,878,731,946,421,979
0,0,0,0,0,1,1,1,1,1,1,0,0,0,0,0,0,0,0,0,0,459,168,755,358,539,619,719,737,833,859,373,854
0,0,0,0,0,1,1,1,1,0,1,0,0,0,0,0,0,0,0,0,0,599,121,318,238,498,505,354,584,0,0,637,734
1,1,1,1,1,1,1,0,0,0,0,523,60,478,205,602,390,748,421,595,539,583,775,331,919,0,0,0,0,0,0,0,0
0,0,0,0,0,1,1,1,1,1,1,0,0,0,0,0,0,0,0,0,0,457,124,748,279,550,530,727,622,862,716,415,758
1,1,1,1,1,1,1,0,0,0,0,532,67,584,229,466,382,361,388,474,530,472,737,727,884,0,0,0,0,0,0,0,0
0,1,1,1,1,1,0,0,0,0,0,0,0,420,118,611,337,794,426,611,577,599,920,0,0,0,0,0,0,0,0,0,0
0,1,1,1,1,1,1,1,1,1,1,0,0,560,69,471,172,379,198,474,294,474,463,680,578,542,757,668,797,757,863,453,923
0,0,0,0,0,1,1,1,1,1,1,0,0,0,0,0,0,0,0,0,0,593,127,307,349,511,595,336,709,198,809,670,832
0,0,0,0,1,1,1,0,0,0,0,0,0,0,0,0,0,0,0,469,13,478,469,893,895,0,0,0,0,0,0,0,0
0,1,1,1,1,1,1,1,1,1,1,0,0,463,69,569,189,668,235,562,309,557,498,351,623,498,796,366,863,274,944,605,959
0,1,1,1,1,1,1,1,1,1,1,0,0,560,67,469,201,364,228,480,313,472,493,674,634,529,809,674,874,772,955,433,962
1,1,1,1,1,1,1,0,0,0,0,532,63,490,207,602,375,716,399,602,518,605,736,346,850,0,0,0,0,0,0,0,0
0,0,0,0,0,1,1,1,1,1,1,0,0,0,0,0,0,0,0,0,0,456,160,742,373,526,613,721,721,859,835,387,833
0,0,0,0,0,1,1,1,1,0,1,0,0,0,0,0,0,0,0,0,0,601,114,316,225,502,499,325,571,0,0,622,725
0,0,0,0,0,1,1,0,0,0,0,0,0,0,0,0,0,0,0,0,0,638,474,202,844,0,0,0,0,0,0,0,0
1,1,1,1,1,1,1,0,0,0,0,544,58,595,216,478,378,375,400,480,520,478,742,731,892,0,0,0,0,0,0,0,0
0,0,0,0,0,1,1,1,1,1,1,0,0,0,0,0,0,0,0,0,0,444,124,734,259,529,518,722,605,880,695,414,748
0,1,1,1,1,1,1,1,1,0,1,0,0,466,52,560,166,644,207,560,285,560,457,355,544,502,712,357,763,0,0,568,878
0,1,1,1,1,1,1,1,1,1,1,0,0,556,69,463,177,384,204,468,297,462,465,667,569,523,740,676,784,770,859,450,899
0,0,0,0,0,1,1,1,1,1,1,0,0,0,0,0,0,0,0,0,0,590,174,327,369,507,617,339,740,234,847,694,839
1,1,1,1,1,1,1,0,0,0,0,542,48,598,214,469,388,333,405,475,541,489,784,742,950,0,0,0,0,0,0,0,0
0,0,0,0,0,0,1,1,1,1,1,0,0,0,0,0,0,0,0,0,0,0,0,806,225,538,616,826,734,986,886,301,995
0,1,1,1,1,1,1,1,1,1,1,0,0,450,66,553,190,649,234,550,310,535,493,343,634,471,811,345,881,274,958,604,977
0,0,0,0,0,1,1,1,1,1,1,0,0,0,0,0,0,0,0,0,0,465,166,742,346,562,625,745,731,871,838,393,871
1,1,1,1,1,1,1,0,0,0,0,527,48,481,210,578,391,716,424,568,548,566,763,327,917,0,0,0,0,0,0,0,0
0,0,0,0,0,1,1,1,1,1,1,0,0,0,0,0,0,0,0,0,0,571,171,306,340,502,589,378,709,244,854,673,820
1,1,1,1,1,1,1,0,0,0,0,529,78,484,235,610,409,737,447,605,554,592,785,360,946,0,0,0,0,0,0,0,0
0,0,0,0,0,0,0,1,1,1,1,0,0,0,0,0,0,0,0,0,0,0,0,0,0,550,163,785,424,955,662,322,626
1,1,1,1,1,1,1,0,0,0,0,545,51,595,208,495,400,363,421,495,535,507,770,754,925,0,0,0,0,0,0,0,0
0,1,1,1,1,1,1,1,1,1,1,0,0,557,79,480,205,375,240,483,321,486,492,680,619,541,791,665,868,748,958,429,964
0,1,1,1,1,1,1,1,1,1,1,0,0,460,79,544,193,644,238,535,316,535,492,343,610,487,793,382,862,294,952,605,968
0,0,0,0,0,1,1,1,1,1,1,0,0,0,0,0,0,0,0,0,0,602,168,342,358,520,613,333,721,199,821,667,823
0,1,1,1,1,1,1,1,1,1,1,0,0,468,63,569,184,658,232,557,306,556,492,367,628,498,811,354,866,267,941,604,961
0,1,1,1,1,1,1,1,1,0,1,0,0,559,73,465,181,370,213,475,306,472,493,668,617,542,806,688,856,0,0,448,979
0,0,0,0,0,1,1,0,0,0,0,0,0,0,0,0,0,0,0,0,0,432,339,818,692,0,0,0,0,0,0,0,0
1,1,1,1,1,1,1,0,0,0,0,523,42,477,205,583,387,710,421,577,518,574,722,333,922,0,0,0,0,0,0,0,0
0,0,0,0,0,1,1,1,1,1,1,0,0,0,0,0,0,0,0,0,0,599,159,331,313,547,569,364,676,195,814,682,805
1,1,1,1,1,1,1,0,0,0,0,527,37,481,199,604,388,724,423,601,535,592,785,351,952,0,0,0,0,0,0,0,0
1,1,1,1,1,1,1,0,0,0,0,550,51,598,207,505,402,378,438,507,544,499,772,743,938,0,0,0,0,0,0,0,0
0,0,0,0,0,1,1,1,1,1,1,0,0,0,0,0,0,0,0,0,0,472,154,743,334,529,584,719,674,875,802,403,797
0,1,1,1,1,1,0,0,0,0,0,0,0,602,129,451,379,268,439,463,616,451,977,0,0,0,0,0,0,0,0,0,0
0,1,1,1,1,1,1,1,1,0,1,0,0,468,66,554,189,644,232,542,309,545,483,357,599,511,779,373,841,0,0,592,940
0,0,0,0,0,1,1,1,1,1,1,0,0,0,0,0,0,0,0,0,0,575,213,285,339,490,646,304,739,169,850,664,896
1,1,1,1,1,1,1,0,0,0,0,544,42,595,214,468,402,351,418,471,551,477,796,754,928,0,0,0,0,0,0,0,0
0,1,1,1,1,1,0,0,0,0,0,0,0,578,121,382,364,163,420,390,629,400,1018,0,0,0,0,0,0,0,0,0,0
0,1,1,1,1,1,1,1,1,0,1,0,0,465,78,557,202,664,237,560,327,553,515,343,613,490,833,351,884,0,0,617,1003
0,0,0,0,0,1,1,1,1,0,1,0,0,0,0,0,0,0,0,0,0,447,216,740,306,545,635,742,701,0,0,378,884
1,1,1,1,1,1,1,0,0,0,0,526,48,481,219,598,417,736,465,596,584,596,842,325,950,0,0,0,0,0,0,0,0
0,0,0,0,0,1,1,1,1,1,1,0,0,0,0,0,0,0,0,0,0,596,231,307,381,501,676,318,763,225,856,689,908
0,0,0,0,1,1,1,0,0,0,0,0,0,0,0,0,0,0,0,616,115,611,586,132,805,0,0,0,0,0,0,0,0
0,0,0,0,0,1,1,1,1,1,1,0,0,0,0,0,0,0,0,0,0,448,232,748,370,553,664,763,751,866,853,421,925
1,1,1,1,1,1,1,0,0,0,0,544,43,599,226,475,415,336,433,480,578,483,827,760,958,0,0,0,0,0,0,0,0
0,1,1,1,1,1,1,1,1,1,0,0,0,472,73,563,207,674,256,562,340,566,538,349,641,492,848,355,889,285,955,0,0
0,1,1,1,1,1,1,1,1,0,0,0,0,580,72,474,205,376,235,481,333,483,526,704,634,565,845,725,890,0,0,0,0
0,0,0,0,1,1,1,1,1,1,1,0,0,0,0,0,0,0,0,598,6,596,249,324,351,520,653,330,716,175,847,662,872
0,1,1,1,1,1,1,1,1,0,1,0,0,465,84,554,199,659,241,556,331,557,518,352,608,499,824,357,860,0,0,599,977
0,1,1,1,1,1,1,1,1,0,1,0,0,562,78,472,195,388,217,475,319,475,514,686,593,535,802,695,853,0,0,448,986
1,1,1,1,1,1,1,0,0,0,0,545,51,501,231,623,417,752,466,622,577,632,832,358,956,0,0,0,0,0,0,0,0
0,0,0,0,0,0,1,0,1,1,1,0,0,0,0,0,0,0,0,0,0,0,0,518,334,0,0,229,475,63,670,727,778
0,0,0,0,0,1,1,1,1,0,1,0,0,0,0,0,0,0,0,0,0,466,235,748,333,557,649,749,700,0,0,420,880
1,1,1,1,1,1,1,0,0,0,0,527,46,478,217,590,400,722,429,589,556,592,787,334,910,0,0,0,0,0,0,0,0
0,0,0,0,1,1,1,1,1,0,1,0,0,0,0,0,0,0,0,448,9,444,256,725,376,536,673,760,734,0,0,424,914
1,1,1,0,1,1,1,0,0,0,0,547,46,604,228,471,409,0,0,478,575,480,811,745,967,0,0,0,0,0,0,0,0
0,0,0,0,0,1,1,1,1,0,1,0,0,0,0,0,0,0,0,0,0,611,43,160,247,468,665,147,746,0,0,680,1000
0,1,1,1,1,1,1,1,1,0,1,0,0,539,67,438,204,342,241,444,336,441,527,653,629,507,836,673,874,0,0,433,1015
0,0,0,0,0,1,1,1,1,1,1,0,0,0,0,0,0,0,0,0,0,637,108,258,235,526,596,271,730,190,799,755,806
0,0,0,0,0,1,1,0,0,0,0,0,0,0,0,0,0,0,0,0,0,411,475,887,856,0,0,0,0,0,0,0,0
0,1,1,1,1,1,0,0,0,0,0,0,0,463,124,661,357,892,466,661,658,656,1010,0,0,0,0,0,0,0,0,0,0
0,1,1,1,1,1,0,0,0,0,0,0,0,556,139,339,345,67,418,333,637,357,980,0,0,0,0,0,0,0,0,0,0
0,0,0,0,1,1,1,0,0,0,0,0,0,0,0,0,0,0,0,688,18,682,427,148,800,0,0,0,0,0,0,0,0
0,0,0,0,0,1,1,1,1,1,1,0,0,0,0,0,0,0,0,0,0,430,57,796,265,551,593,799,707,892,784,339,821
0,0,0,0,1,1,1,0,0,0,0,0,0,0,0,0,0,0,0,694,27,668,469,141,860,0,0,0,0,0,0,0,0
0,0,0,0,0,1,1,1,1,1,1,0,0,0,0,0,0,0,0,0,0,574,118,237,283,460,545,274,676,190,784,634,763
0,0,0,0,0,1,1,1,1,1,1,0,0,0,0,0,0,0,0,0,0,433,75,767,222,545,526,788,665,877,776,388,779
1,1,1,1,1,1,1,0,0,0,0,548,39,602,232,478,372,348,408,475,533,469,748,749,931,0,0,0,0,0,0,0,0
0,0,0,0,0,0,1,1,1,1,1,0,0,0,0,0,0,0,0,0,0,0,0,830,165,536,514,862,707,965,838,339,853
0,1,1,1,1,1,1,1,1,1,1,0,0,456,70,556,172,674,207,565,309,565,471,333,595,487,775,345,859,291,932,616,926
0,0,0,0,0,1,1,1,1,1,1,0,0,0,0,0,0,0,0,0,0,646,177,321,325,556,623,295,721,199,812,722,821
1,1,1,1,1,1,1,0,0,0,0,557,40,605,226,469,369,316,408,471,542,480,779,782,938,0,0,0,0,0,0,0,0
0,1,1,1,1,1,1,1,1,1,1,0,0,496,51,598,177,716,229,601,319,604,505,363,611,538,811,355,883,294,938,662,958
0,1,1,1,1,1,1,1,1,0,1,0,0,584,66,478,172,360,219,483,315,487,492,724,611,559,817,755,854,0,0,438,961
0,0,0,0,0,1,1,0,0,0,0,0,0,0,0,0,0,0,0,0,0,668,400,154,815,0,0,0,0,0,0,0,0
0,0,0,0,0,1,1,1,1,1,1,0,0,0,0,0,0,0,0,0,0,448,165,781,327,553,623,811,706,892,779,384,826
0,0,0,0,0,1,1,1,1,1,1,0,0,0,0,0,0,0,0,0,0,628,142,306,306,529,554,325,686,228,787,682,770
1,1,1,1,1,1,1,0,0,0,0,560,36,517,192,656,373,794,418,658,548,659,784,355,949,0,0,0,0,0,0,0,0
0,0,0,0,0,1,1,1,0,1,1,0,0,0,0,0,0,0,0,0,0,442,147,748,291,539,551,0,0,860,787,408,790
0,1,0,1,1,1,0,0,0,0,0,0,0,394,142,0,0,818,433,604,620,611,959,0,0,0,0,0,0,0,0,0,0
0,1,1,1,1,1,1,1,1,1,1,0,0,566,52,370,214,477,172,471,303,460,477,685,598,532,773,695,860,761,928,441,934
0,0,0,0,1,1,1,0,0,0,0,0,0,0,0,0,0,0,0,682,55,659,572,190,935,0,0,0,0,0,0,0,0
1,1,1,1,1,1,0,0,0,0,0,557,49,616,226,469,412,321,414,474,586,475,836,0,0,0,0,0,0,0,0,0,0
0,0,0,0,0,1,1,1,1,0,0,0,0,0,0,0,0,0,0,0,0,447,64,964,375,590,814,1013,913,0,0,0,0
0,1,1,1,1,1,1,1,1,1,0,0,0,498,72,596,199,721,234,608,339,587,562,334,688,492,937,324,949,250,994,0,0
0,0,0,0,0,0,0,1,1,0,1,0,0,0,0,0,0,0,0,0,0,0,0,0,0,602,523,1009,707,0,0,313,1019
1,1,1,1,1,1,1,0,0,0,0,515,37,469,223,595,466,785,487,601,649,596,917,295,1022,0,0,0,0,0,0,0,0
0,0,0,0,1,1,1,1,1,0,0,0,0,0,0,0,0,0,0,616,81,616,360,295,495,513,823,294,938,0,0,0,0
1,1,1,1,1,1,1,0,0,0,0,527,37,484,225,616,424,775,442,623,608,607,869,289,1016,0,0,0,0,0,0,0,0
0,0,0,0,0,0,0,1,1,0,0,0,0,0,0,0,0,0,0,0,0,0,0,0,0,635,602,950,769,0,0,0,0
1,1,1,1,1,1,0,0,0,0,0,557,43,608,256,477,468,289,465,474,659,486,928,0,0,0,0,0,0,0,0,0,0
0,1,1,1,0,1,1,1,1,0,0,0,0,498,75,598,225,739,264,0,0,598,376,363,713,523,950,355,1013,0,0,0,0
0,1,1,1,1,1,1,1,1,0,0,0,0,590,79,495,232,343,253,486,382,499,601,733,700,599,962,748,983,0,0,0,0
0,0,0,0,1,1,1,1,1,0,0,0,0,0,0,0,0,0,0,631,10,613,295,280,459,499,755,262,827,0,0,0,0
1,1,1,1,1,1,0,0,0,0,0,554,46,614,237,477,409,325,417,478,586,478,841,0,0,0,0,0,0,0,0,0,0
0,1,1,1,1,0,0,0,0,0,0,0,0,662,169,447,406,211,454,445,694,0,0,0,0,0,0,0,0,0,0,0,0
0,1,1,1,1,1,1,1,1,1,0,0,0,499,84,592,208,715,234,596,346,587,568,342,680,507,905,330,911,246,953,0,0
0,0,0,0,1,1,1,1,1,0,0,0,0,0,0,0,0,0,0,405,33,402,282,736,481,495,781,769,854,0,0,0,0
0,0,0,0,1,1,1,1,0,0,0,0,0,0,0,0,0,0,0,665,87,670,420,309,589,544,991,0,0,0,0,0,0
1,1,1,1,1,1,1,0,0,0,0,529,40,489,223,613,427,767,442,616,595,608,871,295,1016,0,0,0,0,0,0,0,0
0,0,0,0,1,1,1,1,1,0,0,0,0,0,0,0,0,0,0,471,67,480,354,787,487,590,839,811,886,0,0,0,0
0,0,0,0,1,1,0,0,0,0,0,0,0,0,0,0,0,0,0,456,294,477,814,0,0,0,0,0,0,0,0,0,0
0,1,1,1,1,1,1,1,1,0,0,0,0,495,82,590,240,721,283,595,388,601,610,361,727,524,983,346,1015,0,0,0,0
0,1,1,1,1,1,1,1,1,0,0,0,0,586,79,490,234,349,264,480,387,489,599,719,709,575,959,749,982,0,0,0,0
0,0,0,0,0,1,1,1,1,1,1,0,0,0,0,0,0,0,0,0,0,623,208,301,384,517,631,312,770,225,847,731,812
0,0,0,0,1,1,1,0,0,0,0,0,0,0,0,0,0,0,0,463,72,442,539,943,979,0,0,0,0,0,0,0,0
0,1,1,1,1,1,0,0,0,0,0,0,0,515,79,712,336,976,408,730,623,733,991,0,0,0,0,0,0,0,0,0,0
0,1,1,1,1,1,1,1,1,0,1,0,0,581,73,490,183,342,187,486,321,481,498,715,662,545,832,715,916,0,0,421,973
0,0,0,0,0,0,0,1,1,1,1,0,0,0,0,0,0,0,0,0,0,0,0,0,0,535,279,847,551,970,725,276,662
1,1,1,1,1,1,1,0,0,0,0,557,33,520,192,619,349,758,387,637,530,644,749,366,850,0,0,0,0,0,0,0,0
0,0,0,0,0,1,1,1,1,1,1,0,0,0,0,0,0,0,0,0,0,571,175,279,295,462,568,303,611,225,712,652,727
0,0,0,0,0,1,1,1,1,1,1,0,0,0,0,0,0,0,0,0,0,457,178,742,285,548,563,754,626,836,742,436,784
1,1,1,1,1,1,1,0,0,0,0,557,36,604,204,495,349,351,364,487,530,481,745,757,877,0,0,0,0,0,0,0,0
0,1,1,1,1,1,1,1,1,1,1,0,0,496,55,586,156,686,199,599,297,596,468,370,553,513,754,388,788,327,865,644,887
0,1,1,1,1,1,1,1,1,1,1,0,0,565,54,481,148,367,183,477,297,474,468,686,556,542,763,689,803,748,878,459,922
0,0,0,0,0,0,0,1,1,1,1,0,0,0,0,0,0,0,0,0,0,0,0,0,0,550,162,238,490,102,637,806,595
1,1,1,1,1,1,1,0,0,0,0,551,43,598,201,486,378,297,391,477,554,472,788,776,997,0,0,0,0,0,0,0,0
0,1,1,1,1,1,1,1,1,1,1,0,0,493,51,586,168,722,205,595,313,599,499,357,635,526,799,355,898,285,949,661,958
0,1,1,1,1,1,1,1,1,0,1,0,0,577,72,493,187,342,205,487,321,477,501,704,665,535,826,716,916,0,0,412,967
1,0,0,0,0,1,1,1,1,1,1,1057,477,0,0,0,0,0,0,0,0,439,220,745,406,513,646,749,773,850,871,342,839
0,0,0,0,0,1,1,0,0,0,0,0,0,0,0,0,0,0,0,0,0,719,396,268,658,0,0,0,0,0,0,0,0
0,0,0,0,0,1,1,1,1,1,1,0,0,0,0,0,0,0,0,0,0,620,180,327,288,514,560,327,608,261,709,656,739
0,0,0,0,0,1,1,0,0,0,0,0,0,0,0,0,0,0,0,0,0,418,373,809,578,0,0,0,0,0,0,0,0
0,0,0,0,0,0,1,1,1,1,1,0,0,0,0,0,0,0,0,0,0,0,0,249,81,523,445,258,539,162,683,701,724
0,0,0,0,0,0,1,1,1,1,1,0,0,0,0,0,0,0,0,0,0,0,0,733,102,501,483,748,565,826,733,414,779
0,0,0,0,0,1,1,1,1,1,1,0,0,0,0,0,0,0,0,0,0,677,181,355,294,542,596,324,638,208,734,713,812
0,1,1,1,1,1,0,0,0,0,0,0,0,426,162,647,403,889,460,680,644,655,1013,0,0,0,0,0,0,0,0,0,0
0,0,0,0,0,0,0,0,0,0,1,0,0,0,0,0,0,0,0,0,0,0,0,0,0,0,0,0,0,0,0,560,75
0,0,0,0,0,1,1,1,1,0,1,0,0,0,0,0,0,0,0,0,0,469,186,781,313,593,610,799,649,0,0,460,847
1,1,1,1,1,1,1,0,0,0,0,529,40,489,190,608,345,766,339,626,502,632,707,333,838,0,0,0,0,0,0,0,0
0,0,0,0,0,1,1,0,0,0,0,0,0,0,0,0,0,0,0,0,0,757,403,285,634,0,0,0,0,0,0,0,0
0,0,0,0,0,1,1,1,1,1,1,0,0,0,0,0,0,0,0,0,0,652,102,307,193,517,490,295,583,190,658,685,688
0,0,0,0,0,1,1,1,1,0,1,0,0,0,0,0,0,0,0,0,0,456,12,808,94,611,433,856,514,0,0,468,679
0,1,1,1,1,1,1,1,1,0,1,0,0,560,33,465,132,331,112,459,273,465,444,700,520,572,727,739,766,0,0,483,901
0,1,1,1,1,1,1,1,1,1,1,0,0,496,51,599,162,730,171,611,291,610,450,373,539,515,731,349,788,282,842,644,862
0,0,0,0,0,1,1,1,1,1,1,0,0,0,0,0,0,0,0,0,0,652,90,303,184,515,481,276,556,157,628,677,692
1,1,1,1,1,1,1,0,0,0,0,562,36,607,207,481,372,354,400,477,532,472,761,754,905,0,0,0,0,0,0,0,0
1,0,0,0,0,0,1,1,1,1,1,1009,715,0,0,0,0,0,0,0,0,0,0,265,54,536,439,223,533,69,647,745,715
0,1,1,1,1,1,1,1,1,0,1,0,0,562,61,469,180,361,211,460,307,457,490,679,586,544,790,727,802,0,0,457,962
0,0,0,0,0,1,1,1,1,0,1,0,0,0,0,0,0,0,0,0,0,435,132,766,259,568,583,824,601,0,0,444,833
0,0,0,0,0,1,0,1,1,1,1,0,0,0,0,0,0,0,0,0,0,644,129,0,0,517,587,283,605,153,682,315,267
1,1,1,1,1,1,1,0,0,0,0,526,37,486,189,613,342,758,346,620,501,622,716,325,839,0,0,0,0,0,0,0,0
0,0,0,0,0,1,1,1,1,0,1,0,0,0,0,0,0,0,0,0,0,430,79,760,162,571,477,809,544,0,0,454,715
1,1,1,1,1,1,1,0,0,0,0,554,40,602,204,475,345,322,322,480,499,477,704,778,851,0,0,0,0,0,0,0,0
0,0,0,0,0,0,1,1,1,0,1,0,0,0,0,0,0,0,0,0,0,0,0,162,138,471,515,102,577,0,0,662,862
0,1,1,1,1,1,1,1,1,1,1,0,0,557,37,463,151,339,147,465,285,460,453,691,524,557,731,724,761,784,809,478,890
0,0,0,0,0,1,1,1,1,0,1,0,0,0,0,0,0,0,0,0,0,583,231,244,384,456,709,256,781,0,0,665,965
1,1,1,1,1,1,1,0,0,0,0,554,40,608,223,480,430,292,414,477,616,486,871,788,965,0,0,0,0,0,0,0,0
0,1,1,1,1,1,1,1,1,1,0,0,0,492,54,604,207,760,225,614,351,598,568,355,658,504,913,357,926,283,992,0,0
0,0,0,0,0,1,1,1,1,0,0,0,0,0,0,0,0,0,0,0,0,466,109,953,288,655,758,994,776,0,0,0,0
0,0,0,0,0,1,1,1,1,0,1,0,0,0,0,0,0,0,0,0,0,405,232,752,394,538,731,758,782,0,0,355,979
1,1,1,1,0,0,0,0,0,0,0,539,82,442,478,700,796,998,791,0,0,0,0,0,0,0,0,0,0,0,0,0,0
0,0,0,0,0,1,1,1,1,1,1,0,0,0,0,0,0,0,0,0,0,644,190,309,343,520,650,291,778,186,866,677,916
1,1,1,1,1,1,1,0,0,0,0,524,48,474,228,614,427,790,438,617,613,601,869,312,953,0,0,0,0,0,0,0,0
0,0,0,0,0,1,1,1,1,1,1,0,0,0,0,0,0,0,0,0,0,466,168,784,352,595,637,787,767,871,842,466,947
0,0,0,0,1,1,1,0,0,0,0,0,0,0,0,0,0,0,0,466,184,483,685,937,839,0,0,0,0,0,0,0,0
0,1,1,1,1,1,1,1,1,1,0,0,0,487,31,598,189,734,207,602,363,598,563,361,644,511,857,352,926,289,986,0,0
0,1,1,1,1,1,1,1,1,1,0,0,0,541,69,438,189,288,168,435,328,441,545,673,632,535,836,683,899,737,947,0,0
0,0,0,0,0,1,1,1,1,0,1,0,0,0,0,0,0,0,0,0,0,662,247,304,378,536,725,268,773,0,0,725,953
1,1,1,1,1,1,1,0,0,0,0,562,39,611,216,495,394,303,367,477,565,493,821,776,938,0,0,0,0,0,0,0,0
0,1,1,1,1,0,0,0,0,0,0,0,0,676,130,472,385,180,375,448,649,0,0,0,0,0,0,0,0,0,0,0,0
0,1,1,1,1,1,1,1,1,0,0,0,0,451,81,571,213,710,238,577,358,574,566,322,676,486,901,306,914,0,0,0,0
1,1,1,1,1,1,1,0,0,0,0,523,34,468,243,610,399,773,403,619,572,616,811,325,962,0,0,0,0,0,0,0,0
0,0,0,0,0,1,1,1,1,1,1,0,0,0,0,0,0,0,0,0,0,459,186,782,355,584,649,797,757,899,829,478,937
0,0,0,0,0,1,0,1,1,1,1,0,0,0,0,0,0,0,0,0,0,643,202,0,0,313,363,294,761,166,845,677,899
1,1,1,1,1,1,1,0,0,0,0,521,48,463,234,625,424,778,438,634,601,632,856,321,991,0,0,0,0,0,0,0,0
0,0,0,0,0,1,1,1,0,0,1,0,0,0,0,0,0,0,0,0,0,445,240,794,393,569,721,0,0,0,0,403,970
1,1,1,1,1,1,1,0,0,0,0,553,45,611,229,484,442,307,426,472,616,484,863,782,965,0,0,0,0,0,0,0,0
0,1,1,1,1,1,1,1,1,1,0,0,0,489,57,602,195,731,225,610,339,608,533,370,656,524,865,348,914,264,974,0,0
0,0,0,0,0,1,1,1,1,0,0,0,0,0,0,0,0,0,0,0,0,477,114,955,309,659,761,1022,748,0,0,0,0
0,0,0,0,0,1,1,1,1,1,1,0,0,0,0,0,0,0,0,0,0,577,216,265,408,481,628,319,761,234,824,653,827
1,1,1,1,1,1,0,0,0,0,0,554,61,617,240,462,411,297,415,466,590,472,847,0,0,0,0,0,0,0,0,0,0
0,1,1,1,1,1,1,1,1,0,1,0,0,569,79,462,190,336,193,450,319,454,496,712,644,539,799,698,880,0,0,424,958
0,1,1,1,1,1,1,1,1,1,1,0,0,493,54,593,184,724,181,601,310,595,526,363,644,527,803,393,874,342,925,652,971
0,0,0,0,0,1,1,1,1,0,1,0,0,0,0,0,0,0,0,0,0,447,189,787,394,559,617,770,742,0,0,406,833
1,1,1,1,1,1,1,0,0,0,0,518,63,472,235,613,454,788,457,632,635,622,890,303,1006,0,0,0,0,0,0,0,0
0,0,0,0,0,1,1,1,1,1,1,0,0,0,0,0,0,0,0,0,0,635,234,316,369,524,649,330,725,210,814,701,854
1,1,1,1,1,1,0,0,0,0,0,529,43,480,217,620,414,793,397,622,598,610,868,0,0,0,0,0,0,0,0,0,0
0,0,0,0,0,1,1,1,1,0,1,0,0,0,0,0,0,0,0,0,0,451,225,770,363,581,629,761,707,0,0,427,862
1,1,1,1,1,1,1,0,0,0,0,559,63,607,228,481,459,303,468,462,632,471,875,782,994,0,0,0,0,0,0,0,0
0,1,1,1,1,1,1,1,1,0,1,0,0,465,72,571,207,697,229,583,340,583,520,346,623,502,821,354,865,0,0,616,982
0,0,0,0,0,1,1,1,1,0,1,0,0,0,0,0,0,0,0,0,0,432,18,967,196,653,595,1015,653,0,0,378,931
0,0,0,0,0,1,1,0,0,0,0,0,0,0,0,0,0,0,0,0,0,689,436,190,796,0,0,0,0,0,0,0,0
1,1,1,1,1,1,0,0,0,0,0,553,48,620,229,475,427,310,417,472,637,465,881,0,0,0,0,0,0,0,0,0,0
0,1,1,1,1,1,1,1,1,1,1,0,0,471,67,580,183,692,193,581,316,581,495,348,647,513,800,364,862,297,911,617,950
0,1,1,1,1,1,1,1,1,0,1,0,0,538,69,450,195,322,196,438,351,444,527,683,643,518,803,676,857,0,0,418,956
0,0,0,0,0,0,0,1,1,0,1,0,0,0,0,0,0,0,0,0,0,0,0,0,0,905,412,907,417,0,0,346,607
1,1,1,1,1,1,1,0,0,0,0,523,48,472,235,622,441,790,450,634,623,635,874,310,1012,0,0,0,0,0,0,0,0
0,0,0,0,0,1,1,1,1,1,1,0,0,0,0,0,0,0,0,0,0,655,223,331,378,551,644,333,724,190,806,725,836
1,1,1,1,1,1,0,0,0,0,0,535,30,484,214,623,417,796,394,626,590,631,848,0,0,0,0,0,0,0,0,0,0
0,0,0,0,0,1,1,1,1,0,1,0,0,0,0,0,0,0,0,0,0,448,228,769,358,568,638,793,688,0,0,418,847
1,1,1,1,1,1,1,0,0,0,0,560,39,619,223,481,447,312,460,469,626,468,868,796,1004,0,0,0,0,0,0,0,0
0,1,1,1,1,1,1,1,1,0,1,0,0,465,69,575,213,691,234,583,345,583,521,352,631,508,826,337,862,0,0,623,962
0,1,1,1,1,1,1,1,0,0,1,0,0,586,60,484,210,364,226,474,346,477,518,707,605,562,811,0,0,0,0,466,961
0,0,0,1,1,1,1,0,0,0,0,0,0,0,0,0,0,250,767,713,27,707,504,247,764,0,0,0,0,0,0,0,0
1,1,1,1,1,1,0,0,0,0,0,508,31,569,189,438,429,244,423,424,605,432,844,0,0,0,0,0,0,0,0,0,0
0,1,1,1,1,1,1,1,1,0,1,0,0,471,67,584,195,695,223,580,339,577,517,355,638,504,821,360,869,0,0,622,985
0,1,1,1,1,1,1,1,1,0,1,0,0,532,57,448,201,300,202,445,325,441,510,670,629,515,812,664,854,0,0,421,983
0,0,0,0,0,1,1,1,1,0,1,0,0,0,0,0,0,0,0,0,0,447,229,746,390,542,640,739,722,0,0,394,854
1,1,1,1,0,0,0,0,0,0,0,547,88,456,450,746,883,1000,893,0,0,0,0,0,0,0,0,0,0,0,0,0,0
0,0,0,0,1,1,1,1,1,1,1,0,0,0,0,0,0,0,0,646,6,656,243,334,379,545,638,324,704,187,809,695,839
1,1,1,1,1,1,0,0,0,0,0,530,42,477,217,638,430,784,445,640,608,626,854,0,0,0,0,0,0,0,0,0,0
0,0,0,0,0,1,0,1,1,0,1,0,0,0,0,0,0,0,0,0,0,471,205,0,0,766,355,746,689,0,0,475,889
0,0,0,0,1,1,1,0,0,0,0,0,0,0,0,0,0,0,0,469,186,478,697,961,937,0,0,0,0,0,0,0,0
0,0,0,0,0,1,1,1,1,0,1,0,0,0,0,0,0,0,0,0,0,685,19,148,249,514,599,108,682,0,0,746,892
0,0,0,0,0,1,1,1,1,1,1,0,0,0,0,0,0,0,0,0,0,396,6,860,183,565,572,838,629,1000,713,408,962
0,0,0,0,0,0,0,1,1,0,1,0,0,0,0,0,0,0,0,0,0,0,0,0,0,559,244,220,387,0,0,758,646
0,0,0,0,1,1,0,0,0,0,0,0,0,0,0,0,0,0,0,434,154,416,660,0,0,0,0,0,0,0,0,0,0
0,0,0,0,0,1,1,1,1,0,1,0,0,0,0,0,0,0,0,0,0,734,50,214,256,572,604,142,690,0,0,804,886
0,1,1,1,1,1,1,1,1,0,1,0,0,538,58,450,194,320,218,448,328,442,506,650,646,510,830,678,850,0,0,432,956
0,0,0,0,1,1,1,0,0,0,0,0,0,0,0,0,0,0,0,430,22,402,490,854,776,0,0,0,0,0,0,0,0
1,1,1,1,1,1,0,0,0,0,0,514,48,470,248,610,438,802,462,618,624,628,872,0,0,0,0,0,0,0,0,0,0
0,0,0,0,1,1,1,1,1,1,1,0,0,0,0,0,0,0,0,636,28,654,270,354,394,562,650,330,692,196,786,696,828
1,1,1,1,1,1,0,0,0,0,0,534,58,482,230,628,432,788,454,636,636,630,890,0,0,0,0,0,0,0,0,0,0
0,0,0,0,0,1,1,1,1,0,1,0,0,0,0,0,0,0,0,0,0,466,238,734,368,580,652,740,686,0,0,490,866
1,1,1,1,1,1,1,0,0,0,0,546,42,600,226,484,422,310,436,484,606,488,860,762,984,0,0,0,0,0,0,0,0
0,1,1,1,1,0,0,0,0,0,0,0,0,424,166,654,420,926,482,654,712,0,0,0,0,0,0,0,0,0,0,0,0
0,1,1,1,1,1,1,1,1,0,1,0,0,536,46,446,194,330,206,452,328,454,530,656,618,538,820,666,826,0,0,466,976
0,0,0,0,1,1,1,1,1,1,1,0,0,0,0,0,0,0,0,638,16,650,278,374,368,536,668,340,722,204,826,674,866
1,1,1,1,1,1,0,0,0,0,0,536,70,482,250,606,418,768,466,636,610,638,886,0,0,0,0,0,0,0,0,0,0
0,0,0,0,0,1,1,1,1,0,1,0,0,0,0,0,0,0,0,0,0,678,42,226,240,488,644,162,696,0,0,722,966
0,1,1,1,1,1,1,1,1,0,1,0,0,562,88,470,204,342,214,464,346,458,536,672,628,546,820,698,850,0,0,444,974
1,1,1,1,1,1,0,0,0,0,0,556,66,602,234,476,434,300,426,472,604,466,852,0,0,0,0,0,0,0,0,0,0
0,0,0,0,1,1,1,1,1,0,1,0,0,0,0,0,0,0,0,450,6,436,270,736,370,562,648,746,716,0,0,396,852
0,0,0,0,0,1,1,1,1,0,1,0,0,0,0,0,0,0,0,0,0,574,252,300,384,460,694,268,722,0,0,594,886
1,1,1,1,1,1,0,0,0,0,0,452,82,406,262,530,442,696,472,550,614,554,888,0,0,0,0,0,0,0,0,0,0
0,1,1,1,1,1,1,1,1,0,1,0,0,446,98,546,218,648,266,546,350,552,546,354,644,474,866,330,874,0,0,580,1008
0,1,1,1,1,1,1,1,1,0,1,0,0,534,74,440,196,320,208,444,336,434,538,650,622,522,830,674,850,0,0,426,970
0,0,0,0,1,1,1,0,0,0,0,0,0,0,0,0,0,0,0,464,172,444,726,906,1012,0,0,0,0,0,0,0,0
0,0,0,0,0,1,1,1,1,0,1,0,0,0,0,0,0,0,0,0,0,438,248,730,372,564,670,754,706,0,0,426,854
0,0,0,0,0,1,1,0,0,0,0,0,0,0,0,0,0,0,0,0,0,660,370,274,636,0,0,0,0,0,0,0,0
1,1,1,1,1,1,1,0,0,0,0,554,58,596,224,486,406,356,420,494,576,490,794,744,958,0,0,0,0,0,0,0,0
0,1,1,1,1,1,1,1,1,1,1,0,0,490,82,586,192,686,218,586,314,584,500,396,602,520,786,388,818,306,908,624,920
0,1,1,1,1,1,1,1,1,0,1,0,0,554,74,464,192,380,216,476,320,476,480,652,590,538,780,682,816,0,0,434,906
0,0,0,0,1,1,1,0,0,0,0,0,0,0,0,0,0,0,0,682,192,694,622,212,954,0,0,0,0,0,0,0,0
0,0,0,0,0,1,1,1,1,1,1,0,0,0,0,0,0,0,0,0,0,466,186,706,330,550,594,728,658,844,768,390,770
0,0,0,0,0,1,1,0,0,0,0,0,0,0,0,0,0,0,0,0,0,674,444,250,682,0,0,0,0,0,0,0,0
0,0,0,0,1,1,1,0,0,0,0,0,0,0,0,0,0,0,0,706,122,702,570,302,898,0,0,0,0,0,0,0,0
0,0,0,0,0,1,1,1,1,0,1,0,0,0,0,0,0,0,0,0,0,460,156,730,346,568,620,736,656,0,0,424,804
0,0,0,0,0,0,1,1,1,0,1,0,0,0,0,0,0,0,0,0,0,0,0,852,178,598,560,880,606,0,0,386,852
0,1,1,1,1,1,1,1,1,1,1,0,0,490,76,594,178,688,228,582,314,586,514,386,606,514,780,386,830,314,898,632,932
0,0,0,0,0,1,1,0,0,0,0,0,0,0,0,0,0,0,0,0,0,678,398,292,616,0,0,0,0,0,0,0,0
1,1,1,1,0,0,0,0,0,0,0,574,116,650,446,474,826,274,852,0,0,0,0,0,0,0,0,0,0,0,0,0,0
0,1,1,1,1,0,0,0,0,0,0,0,0,602,138,436,370,252,412,450,646,0,0,0,0,0,0,0,0,0,0,0,0
0,1,1,1,1,1,1,1,1,1,1,0,0,490,80,572,186,674,218,576,314,586,498,408,590,534,778,394,808,290,890,618,898
1,1,1,1,1,1,1,0,0,0,0,528,68,474,258,600,414,746,450,598,586,612,854,350,982,0,0,0,0,0,0,0,0
0,0,0,0,0,0,0,1,1,0,1,0,0,0,0,0,0,0,0,0,0,0,0,0,0,546,150,840,232,0,0,360,490
0,0,0,0,0,1,1,1,1,1,1,0,0,0,0,0,0,0,0,0,0,624,216,360,342,526,602,342,656,208,746,662,778
0,0,0,0,1,1,1,0,0,0,0,0,0,0,0,0,0,0,0,458,132,448,586,862,946,0,0,0,0,0,0,0,0
0,0,0,0,0,1,1,1,1,0,1,0,0,0,0,0,0,0,0,0,0,460,194,718,330,560,614,744,646,0,0,440,790
0,1,1,1,1,0,0,0,0,0,0,0,0,468,130,658,380,866,468,652,662,0,0,0,0,0,0,0,0,0,0,0,0
0,1,1,1,1,1,1,1,1,0,1,0,0,560,80,474,194,382,226,482,310,476,488,670,604,548,788,680,810,0,0,462,920
0,0,0,0,0,1,1,0,1,1,1,0,0,0,0,0,0,0,0,0,0,606,174,340,298,0,0,320,602,246,660,646,746
1,1,1,1,1,1,1,0,0,0,0,558,48,606,210,466,372,324,386,472,558,474,756,762,942,0,0,0,0,0,0,0,0
0,1,1,1,1,1,0,0,0,0,0,0,0,614,126,410,336,194,378,398,564,418,912,0,0,0,0,0,0,0,0,0,0
0,1,1,1,1,1,1,1,1,1,1,0,0,488,60,592,164,714,178,600,292,588,464,380,546,498,738,354,770,296,806,620,892
0,0,0,0,0,1,1,1,1,0,1,0,0,0,0,0,0,0,0,0,0,450,138,722,298,560,588,760,618,0,0,422,774
1,1,1,1,1,1,1,0,0,0,0,524,46,482,222,616,372,786,382,620,546,614,800,356,914,0,0,0,0,0,0,0,0
0,0,0,0,0,1,1,1,1,1,1,0,0,0,0,0,0,0,0,0,0,618,196,362,302,512,548,310,616,228,674,668,722
1,1,1,1,1,1,1,0,0,0,0,520,62,478,214,610,360,780,388,624,544,608,784,324,882,0,0,0,0,0,0,0,0
0,0,0,0,0,0,1,1,1,1,1,0,0,0,0,0,0,0,0,0,0,0,0,688,306,438,172,746,622,820,690,402,754
1,1,1,1,1,1,1,0,0,0,0,550,42,594,204,462,370,292,378,478,522,460,764,728,940,0,0,0,0,0,0,0,0
0,1,1,1,1,1,1,1,1,0,1,0,0,468,66,562,162,694,178,570,296,570,474,376,552,498,738,336,778,0,0,614,870
0,1,1,1,1,1,1,1,1,0,1,0,0,556,60,464,168,348,188,466,292,466,466,642,568,534,744,696,786,0,0,442,890
0,0,0,0,0,0,0,1,1,1,1,0,0,0,0,0,0,0,0,0,0,0,0,0,0,496,58,182,142,38,236,736,448
1,1,1,1,1,1,1,0,0,0,0,526,64,578,224,464,402,316,394,448,556,456,782,722,928,0,0,0,0,0,0,0,0
0,1,1,1,1,1,0,0,0,0,0,0,0,402,118,624,316,894,342,634,580,614,962,0,0,0,0,0,0,0,0,0,0
0,1,1,1,1,1,1,1,1,0,1,0,0,558,70,460,174,362,202,460,298,470,480,660,564,542,756,710,770,0,0,468,910
1,1,1,1,1,1,1,0,0,0,0,522,80,486,274,618,386,780,394,618,562,618,812,364,926,0,0,0,0,0,0,0,0
0,0,0,0,0,1,1,1,1,0,1,0,0,0,0,0,0,0,0,0,0,444,170,696,310,546,578,758,602,0,0,442,774
1,1,1,1,1,1,1,0,0,0,0,522,58,480,226,620,362,786,400,612,570,612,774,340,886,0,0,0,0,0,0,0,0
0,0,0,0,0,1,1,1,1,1,1,0,0,0,0,0,0,0,0,0,0,626,194,378,304,532,562,316,602,222,670,678,730
1,1,1,1,1,1,1,0,0,0,0,550,56,594,218,476,382,314,386,478,542,474,764,714,946,0,0,0,0,0,0,0,0
0,0,0,0,0,0,1,1,1,1,1,0,0,0,0,0,0,0,0,0,0,0,0,690,308,442,180,754,610,842,682,430,762
0,1,1,1,1,1,0,0,0,0,0,0,0,598,128,424,332,168,362,426,578,410,932,0,0,0,0,0,0,0,0,0,0
0,1,1,1,1,1,1,1,1,1,1,0,0,496,50,602,150,718,180,602,282,594,472,410,558,528,738,354,772,290,822,630,874
0,0,0,0,0,1,0,1,1,1,1,0,0,0,0,0,0,0,0,0,0,630,200,0,0,348,306,316,668,224,728,660,764
1,1,1,1,1,1,1,0,0,0,0,554,54,602,242,458,414,306,410,466,618,458,816,730,970,0,0,0,0,0,0,0,0
0,1,1,1,1,0,0,0,0,0,0,0,0,594,154,378,386,86,416,378,696,0,0,0,0,0,0,0,0,0,0,0,0
0,1,1,1,1,1,1,1,1,1,1,0,0,498,80,606,180,724,216,602,326,606,514,404,600,520,774,376,826,316,872,634,920
0,0,0,0,0,1,1,1,1,0,1,0,0,0,0,0,0,0,0,0,0,444,170,738,332,566,596,764,672,0,0,426,770
1,1,1,1,1,1,1,0,0,0,0,526,50,478,214,616,398,772,412,622,576,606,818,330,978,0,0,0,0,0,0,0,0
0,0,0,0,0,1,1,1,1,1,1,0,0,0,0,0,0,0,0,0,0,610,200,348,362,518,624,332,704,242,770,638,828
1,1,1,1,1,1,1,0,0,0,0,528,52,480,218,616,400,778,422,618,576,618,850,342,934,0,0,0,0,0,0,0,0
0,0,0,0,0,0,0,1,1,0,1,0,0,0,0,0,0,0,0,0,0,0,0,0,0,584,178,880,346,0,0,340,570
0,0,0,0,1,1,1,0,0,0,0,0,0,0,0,0,0,0,0,408,154,446,626,906,946,0,0,0,0,0,0,0,0
0,0,0,0,0,0,1,1,1,1,1,0,0,0,0,0,0,0,0,0,0,0,0,246,162,522,538,222,642,86,746,726,878
0,1,1,1,1,1,0,0,0,0,0,0,0,634,114,406,378,206,418,402,642,442,992,0,0,0,0,0,0,0,0,0,0
1,1,1,1,1,1,1,0,0,0,0,558,58,610,236,480,402,312,408,488,624,476,816,746,962,0,0,0,0,0,0,0,0
0,0,0,0,0,0,1,1,1,1,1,0,0,0,0,0,0,0,0,0,0,0,0,342,334,618,228,306,658,206,712,656,766
0,1,1,1,1,1,1,1,1,0,1,0,0,458,70,556,170,670,210,556,314,562,492,360,574,476,764,322,796,0,0,586,914
0,1,1,1,1,1,1,1,1,0,1,0,0,556,74,466,186,354,202,472,322,464,498,660,592,552,778,692,794,0,0,454,898
0,0,0,0,1,1,1,0,0,0,0,0,0,0,0,0,0,0,0,426,16,412,442,826,700,0,0,0,0,0,0,0,0
1,1,1,1,1,1,1,0,0,0,0,514,56,470,206,612,414,754,418,618,562,608,818,332,984,0,0,0,0,0,0,0,0
0,0,0,0,0,1,1,1,1,1,1,0,0,0,0,0,0,0,0,0,0,618,218,360,362,526,624,330,698,218,760,650,816
1,1,1,1,1,1,1,0,0,0,0,514,46,460,218,598,396,768,438,596,594,604,854,324,942,0,0,0,0,0,0,0,0
0,0,0,0,0,1,1,1,1,0,1,0,0,0,0,0,0,0,0,0,0,436,222,722,368,538,626,752,688,0,0,394,796
1,1,1,1,1,1,1,0,0,0,0,554,80,600,248,472,422,344,444,466,604,466,832,746,998,0,0,0,0,0,0,0,0
0,1,1,1,1,1,0,0,0,0,0,0,0,468,134,672,348,870,420,692,600,682,992,0,0,0,0,0,0,0,0,0,0
0,1,1,1,1,1,1,1,1,0,1,0,0,554,68,456,182,358,212,450,308,462,482,678,602,546,800,698,826,0,0,430,930
0,0,0,0,1,1,1,1,1,1,1,0,0,0,0,0,0,0,0,610,18,618,268,336,402,506,666,328,742,258,806,660,846
1,1,1,1,1,1,1,0,0,0,0,532,36,584,238,440,422,274,418,432,586,442,882,756,1014,0,0,0,0,0,0,0,0
0,1,1,1,1,1,1,1,1,1,1,0,0,530,74,432,186,306,194,424,312,434,518,658,620,522,826,672,858,734,912,396,970
0,1,1,1,1,1,1,1,1,1,1,0,0,468,70,560,186,704,220,562,320,566,528,360,622,482,810,340,860,292,908,600,978
0,0,0,0,1,1,1,0,0,0,0,0,0,0,0,0,0,0,0,698,166,680,674,168,898,0,0,0,0,0,0,0,0
0,0,0,0,0,1,1,1,1,1,1,0,0,0,0,0,0,0,0,0,0,440,252,730,390,558,662,762,730,846,810,398,838
0,0,0,0,0,0,0,1,1,1,1,0,0,0,0,0,0,0,0,0,0,0,0,0,0,504,226,222,298,50,434,714,682
1,1,1,1,1,1,1,0,0,0,0,522,48,470,222,612,420,786,434,612,600,616,888,322,1002,0,0,0,0,0,0,0,0
0,0,0,0,0,1,1,1,1,0,1,0,0,0,0,0,0,0,0,0,0,440,258,716,338,572,652,786,646,0,0,412,838
1,1,1,1,1,1,1,0,0,0,0,562,42,610,234,466,426,300,418,450,586,466,840,762,964,0,0,0,0,0,0,0,0
0,1,1,1,1,0,0,0,0,0,0,0,0,566,154,338,378,58,372,330,638,0,0,0,0,0,0,0,0,0,0,0,0
0,1,1,1,1,1,1,1,1,0,1,0,0,466,58,560,182,694,174,564,304,554,516,356,586,472,802,334,802,0,0,570,980
0,0,0,0,0,1,1,1,1,1,1,0,0,0,0,0,0,0,0,0,0,618,264,338,402,508,660,318,720,232,762,640,848
1,0,1,1,1,1,1,0,0,0,0,536,62,0,0,454,428,296,414,448,580,442,866,754,1014,0,0,0,0,0,0,0,0
0,1,1,1,1,0,0,0,0,0,0,0,0,406,136,596,378,932,434,626,664,0,0,0,0,0,0,0,0,0,0,0,0
0,0,0,0,0,0,1,1,1,0,1,0,0,0,0,0,0,0,0,0,0,0,0,844,226,526,602,914,666,0,0,274,864
1,1,1,1,1,1,1,0,0,0,0,520,76,474,232,604,424,786,410,614,602,596,876,328,966,0,0,0,0,0,0,0,0
0,0,0,0,1,0,1,1,0,0,0,0,0,0,0,0,0,0,0,402,18,0,0,864,778,402,524,0,0,0,0,0,0
0,0,0,0,0,0,0,1,1,1,1,0,0,0,0,0,0,0,0,0,0,0,0,0,0,520,210,178,256,4,362,698,666
1,1,1,1,1,1,1,0,0,0,0,530,60,484,234,622,428,790,450,624,606,622,892,338,1002,0,0,0,0,0,0,0,0
1,1,1,1,1,1,1,0,0,0,0,532,50,578,234,442,434,282,436,440,602,444,848,724,970,0,0,0,0,0,0,0,0
0,0,0,0,0,0,0,1,1,0,1,0,0,0,0,0,0,0,0,0,0,0,0,0,0,590,234,934,232,0,0,384,622
0,1,1,1,1,1,1,1,1,0,1,0,0,558,82,456,194,342,204,444,314,462,520,660,586,552,794,720,786,0,0,450,940
0,1,1,1,1,1,1,1,1,1,1,0,0,498,66,588,182,720,178,598,306,592,518,404,596,522,796,362,792,282,826,612,962
0,0,0,0,0,1,1,1,1,1,1,0,0,0,0,0,0,0,0,0,0,624,192,336,318,514,580,336,634,266,696,668,734
0,1,1,1,1,1,0,0,0,0,0,0,0,594,108,410,304,208,400,410,578,390,978,0,0,0,0,0,0,0,0,0,0
0,1,1,1,1,1,1,1,1,1,1,0,0,488,74,582,166,680,204,594,294,598,480,386,570,516,760,364,794,330,844,636,874
1,1,1,1,1,1,1,0,0,0,0,554,46,510,216,642,376,808,362,658,550,642,786,362,900,0,0,0,0,0,0,0,0
0,0,0,0,0,0,0,1,1,1,1,0,0,0,0,0,0,0,0,0,0,0,0,0,0,586,98,916,196,1022,352,350,428
0,0,0,0,0,0,0,0,1,1,1,0,0,0,0,0,0,0,0,0,0,0,0,0,0,0,0,246,222,130,348,760,370
1,1,1,1,1,1,1,0,0,0,0,548,46,504,252,632,370,800,394,658,546,652,818,354,940,0,0,0,0,0,0,0,0
0,0,0,0,0,1,1,1,1,1,1,0,0,0,0,0,0,0,0,0,0,448,158,714,274,556,538,760,608,850,696,458,744
0,0,0,0,0,0,1,1,1,1,1,0,0,0,0,0,0,0,0,0,0,0,0,156,66,440,460,130,540,20,632,720,708
0,1,1,1,1,1,0,0,0,0,0,0,0,598,154,406,324,210,386,410,594,408,938,0,0,0,0,0,0,0,0,0,0
0,0,0,0,0,1,1,1,1,1,1,0,0,0,0,0,0,0,0,0,0,634,162,354,298,530,558,328,602,250,666,664,730
1,1,1,1,1,1,1,0,0,0,0,558,48,600,214,482,382,350,414,484,546,462,772,732,948,0,0,0,0,0,0,0,0
0,1,1,1,1,1,1,1,1,1,1,0,0,494,66,576,166,690,200,594,294,604,482,392,570,524,760,368,774,310,818,624,872
0,1,1,1,1,1,1,1,1,1,1,0,0,560,56,476,160,376,202,474,288,458,464,650,562,538,740,704,778,758,834,452,860
1,1,1,1,1,1,1,0,0,0,0,560,44,512,272,650,368,812,362,666,538,656,766,378,910,0,0,0,0,0,0,0,0
0,0,0,0,0,1,1,1,1,0,1,0,0,0,0,0,0,0,0,0,0,432,170,698,286,546,558,768,598,0,0,428,724
0,0,0,0,1,1,1,0,0,0,0,0,0,0,0,0,0,0,0,734,116,746,642,296,858,0,0,0,0,0,0,0,0
0,0,0,0,0,1,1,1,1,1,1,0,0,0,0,0,0,0,0,0,0,624,130,356,270,516,534,322,598,226,670,668,698
1,1,1,1,1,1,1,0,0,0,0,554,52,604,216,490,370,338,402,478,552,474,798,742,930,0,0,0,0,0,0,0,0
0,0,0,0,0,1,1,1,1,1,1,0,0,0,0,0,0,0,0,0,0,442,154,704,272,544,524,750,594,850,686,448,734
0,1,1,1,1,1,1,1,1,1,1,0,0,490,74,588,162,690,176,594,270,596,450,394,542,520,738,364,770,288,840,626,850
0,1,1,1,1,1,1,1,1,1,1,0,0,556,66,462,154,368,194,464,290,458,468,650,550,532,738,698,772,762,840,460,878
1,1,1,1,1,1,1,0,0,0,0,538,46,594,228,470,386,318,414,466,552,462,780,738,932,0,0,0,0,0,0,0,0
0,0,0,0,0,1,1,1,1,1,1,0,0,0,0,0,0,0,0,0,0,602,170,316,274,518,534,320,588,236,666,686,690
0,1,1,1,1,1,1,1,1,1,1,0,0,458,66,548,154,662,206,562,282,554,464,348,544,496,738,352,764,292,818,616,850
0,1,1,1,1,1,1,1,1,1,1,0,0,562,58,466,162,362,196,474,290,474,460,676,552,536,724,688,764,750,832,434,884
0,0,0,0,0,1,1,1,1,1,1,0,0,0,0,0,0,0,0,0,0,442,148,704,254,554,510,714,546,814,626,402,678
0,0,0,0,0,0,1,1,1,1,1,0,0,0,0,0,0,0,0,0,0,0,0,730,262,452,172,730,588,848,684,398,722
1,1,1,1,1,1,1,0,0,0,0,510,52,462,200,594,380,760,422,600,562,592,798,306,904,0,0,0,0,0,0,0,0
0,1,1,1,1,1,1,1,1,1,1,0,0,524,52,454,120,370,130,444,240,450,386,620,446,516,620,642,626,706,694,430,714
1,1,1,1,1,1,1,0,0,0,0,490,70,510,212,434,372,274,374,416,540,414,762,676,862,0,0,0,0,0,0,0,0
1,1,1,1,1,1,1,0,0,0,0,546,42,598,212,482,376,330,410,486,554,474,772,746,918,0,0,0,0,0,0,0,0
0,0,0,0,0,1,1,1,1,0,1,0,0,0,0,0,0,0,0,0,0,586,172,312,274,508,552,296,602,0,0,660,710
0,0,0,0,0,1,1,1,1,0,1,0,0,0,0,0,0,0,0,0,0,460,126,734,246,570,522,764,522,0,0,444,672
0,0,0,0,0,0,0,1,1,0,1,0,0,0,0,0,0,0,0,0,0,0,0,0,0,506,252,144,294,0,0,726,456
0,1,1,1,1,1,1,1,1,0,1,0,0,534,52,456,146,368,174,458,250,450,404,626,480,500,650,642,672,0,0,418,762
1,1,1,1,1,1,1,0,0,0,0,514,46,466,190,594,378,746,418,602,554,600,796,324,918,0,0,0,0,0,0,0,0
1,1,1,1,1,1,1,0,0,0,0,546,46,582,204,478,350,338,342,466,522,468,766,738,880,0,0,0,0,0,0,0,0
0,1,1,1,1,1,1,1,1,0,1,0,0,522,42,450,128,368,140,450,234,440,386,608,454,508,626,636,622,0,0,418,710
1,1,1,0,1,1,1,0,1,0,0,330,424,592,216,472,386,0,0,466,556,452,794,732,920,0,0,546,34,0,0,0,0
0,0,0,0,0,1,1,1,1,0,1,0,0,0,0,0,0,0,0,0,0,568,170,300,274,450,588,306,616,0,0,610,778
0,1,1,1,1,1,0,0,0,0,0,0,0,416,122,618,338,848,374,632,576,626,922,0,0,0,0,0,0,0,0,0,0
1,1,1,1,1,1,1,0,0,0,0,498,44,450,198,578,394,724,426,570,550,558,816,316,932,0,0,0,0,0,0,0,0
0,0,0,0,0,1,1,1,1,0,1,0,0,0,0,0,0,0,0,0,0,418,160,678,270,546,594,716,616,0,0,384,794
0,1,1,1,1,1,1,1,1,0,1,0,0,530,66,446,168,350,200,442,288,436,462,628,536,520,754,654,766,0,0,400,906
1,1,1,1,1,1,1,0,0,0,0,536,50,570,206,474,402,322,426,468,562,474,786,742,944,0,0,0,0,0,0,0,0
0,0,0,0,0,1,1,1,1,1,1,0,0,0,0,0,0,0,0,0,0,570,154,328,322,490,542,386,602,294,698,638,692
1,1,1,1,1,1,1,0,0,0,0,538,56,490,224,602,380,762,392,616,554,620,802,344,922,0,0,0,0,0,0,0,0
0,0,0,0,0,1,1,1,1,1,1,0,0,0,0,0,0,0,0,0,0,420,154,692,306,518,552,672,604,786,712,394,734
0,1,1,1,1,1,1,1,1,1,1,0,0,482,44,554,154,648,176,558,248,550,412,390,512,498,640,426,684,372,738,596,772
0,1,1,1,1,1,0,0,0,0,0,0,0,544,90,346,324,138,364,362,552,354,840,0,0,0,0,0,0,0,0,0,0
1,1,1,1,1,1,1,0,0,0,0,546,52,598,202,498,390,350,416,490,548,478,794,750,914,0,0,0,0,0,0,0,0
0,0,0,0,0,0,0,1,1,0,1,0,0,0,0,0,0,0,0,0,0,0,0,0,0,450,98,158,184,0,0,668,534
0,0,0,0,0,1,1,1,1,0,1,0,0,0,0,0,0,0,0,0,0,468,164,742,274,584,586,770,608,0,0,458,794
1,1,1,1,1,1,1,0,0,0,0,510,56,462,198,576,386,712,422,570,540,570,786,318,930,0,0,0,0,0,0,0,0
0,0,0,0,0,0,0,1,1,0,1,0,0,0,0,0,0,0,0,0,0,0,0,0,0,484,382,160,426,0,0,698,662
0,1,1,1,1,1,1,1,1,0,1,0,0,534,50,462,162,362,202,458,294,446,478,634,542,530,762,666,756,0,0,440,888
1,1,1,1,1,1,1,0,0,0,0,536,52,584,218,480,394,338,416,484,546,478,788,754,936,0,0,0,0,0,0,0,0
0,0,0,0,0,1,1,1,1,1,1,0,0,0,0,0,0,0,0,0,0,428,156,690,318,522,554,686,602,800,698,418,752
0,0,0,0,0,1,1,1,1,1,1,0,0,0,0,0,0,0,0,0,0,552,164,306,322,478,546,354,604,242,690,618,696
1,1,1,1,1,1,1,0,0,0,0,540,40,498,202,606,384,762,380,620,538,630,804,364,922,0,0,0,0,0,0,0,0
0,1,1,1,1,1,1,1,1,1,1,0,0,462,58,562,178,644,210,554,282,560,466,368,572,498,736,386,768,298,840,596,848
0,1,1,1,1,1,0,0,0,0,0,0,0,538,98,386,352,158,378,388,558,390,928,0,0,0,0,0,0,0,0,0,0
0,1,1,1,1,1,1,1,1,0,1,0,0,490,56,566,142,656,206,572,252,574,420,394,506,522,682,374,696,0,0,612,774
1,1,1,1,1,1,1,0,0,0,0,538,50,594,240,458,390,330,434,448,550,462,804,750,978,0,0,0,0,0,0,0,0
0,1,1,1,1,1,1,1,1,0,1,0,0,558,64,486,146,394,182,480,264,482,426,662,502,544,682,690,688,0,0,446,772
0,0,0,0,0,1,1,1,1,0,1,0,0,0,0,0,0,0,0,0,0,458,166,720,302,546,570,770,594,0,0,418,712
0,0,0,0,0,1,1,1,1,1,1,0,0,0,0,0,0,0,0,0,0,650,170,390,284,538,540,332,580,222,646,668,700
0,1,1,1,1,1,1,1,1,0,1,0,0,560,62,478,150,396,192,470,258,474,412,650,504,532,682,692,690,0,0,434,768
0,1,1,1,1,1,1,1,1,0,1,0,0,556,62,488,146,390,162,486,250,478,404,642,488,536,666,680,688,0,0,472,762
0,1,1,1,1,1,1,1,1,0,1,0,0,556,60,482,154,394,170,494,266,476,430,634,502,528,666,672,690,0,0,466,760
0,1,1,1,1,1,1,1,1,0,1,0,0,554,54,496,138,384,146,498,258,476,412,650,498,540,666,684,686,0,0,470,776
0,0,0,0,1,1,1,1,0,0,0,0,0,0,0,0,0,0,0,728,14,714,330,314,562,570,966,0,0,0,0,0,0
0,1,1,1,1,1,1,1,1,0,1,0,0,486,56,578,170,692,184,586,274,586,504,370,618,508,814,354,876,0,0,632,930
1,1,1,1,1,0,0,0,0,0,0,550,56,592,238,480,418,296,438,450,902,0,0,0,0,0,0,0,0,0,0,0,0
0,1,1,1,1,1,1,1,1,0,1,0,0,570,84,474,194,356,214,448,328,462,562,684,658,538,858,702,912,0,0,406,990
0,0,0,0,1,1,1,1,1,0,1,0,0,0,0,0,0,0,0,460,12,468,274,770,424,578,716,770,764,0,0,402,878
0,1,1,1,1,1,1,1,1,0,1,0,0,554,76,468,180,362,196,440,306,450,482,638,602,510,790,678,852,0,0,400,892
0,1,1,1,1,1,1,1,1,1,1,0,0,522,42,606,132,692,172,604,240,602,398,426,474,538,642,412,652,348,700,636,732
0,1,1,1,1,1,1,1,1,1,1,0,0,560,62,472,146,386,162,474,242,478,398,646,478,530,656,656,666,714,732,446,750
0,1,1,1,1,1,1,1,1,1,1,0,0,522,44,604,130,688,184,610,248,608,402,434,476,538,650,406,652,344,720,640,732
0,1,1,1,1,1,1,1,1,1,1,0,0,554,46,494,138,396,148,490,236,490,410,656,472,544,644,652,656,704,706,442,758
0,0,0,0,1,1,1,1,1,0,1,0,0,0,0,0,0,0,0,618,16,610,262,318,434,514,710,298,778,0,0,646,876
0,1,1,1,1,1,1,1,1,0,1,0,0,470,58,562,180,674,198,586,314,576,508,374,632,510,818,342,868,0,0,604,922
1,1,1,1,1,1,0,0,0,0,0,556,52,596,238,482,422,306,442,450,610,460,890,0,0,0,0,0,0,0,0,0,0
0,1,1,1,1,1,1,1,1,0,1,0,0,562,66,492,168,382,190,468,306,484,460,674,594,552,788,698,810,0,0,442,888
0,0,0,0,0,1,1,1,1,0,1,0,0,0,0,0,0,0,0,0,0,466,238,762,422,584,708,778,746,0,0,412,866
0,1,1,1,1,1,1,1,1,0,1,0,0,482,56,562,142,660,178,560,250,562,410,396,476,506,630,378,646,0,0,598,722
1,1,1,1,1,1,1,0,0,0,0,508,58,484,222,598,366,756,410,594,538,600,812,330,916,0,0,0,0,0,0,0,0
0,1,1,1,1,1,1,1,1,0,1,0,0,482,60,564,146,648,186,566,250,570,412,398,478,512,638,378,648,0,0,602,728
0,1,1,1,1,1,1,1,1,1,1,0,0,560,50,498,138,406,160,498,234,504,404,662,484,562,650,666,650,712,682,470,748
1,1,1,1,1,1,1,0,0,0,0,538,56,586,204,480,374,318,402,464,540,474,802,748,926,0,0,0,0,0,0,0,0
0,0,0,0,0,1,1,1,1,1,1,0,0,0,0,0,0,0,0,0,0,634,234,394,394,578,642,386,742,324,814,722,826
0,1,1,1,1,1,1,1,1,1,1,0,0,484,56,554,162,672,212,566,284,568,458,404,558,538,738,394,802,356,842,626,882
1,1,1,1,1,1,1,0,0,0,0,552,44,600,204,488,394,284,444,466,576,482,838,780,1020,0,0,0,0,0,0,0,0
0,1,1,1,1,1,1,1,1,0,1,0,0,532,44,458,148,338,186,458,272,466,434,640,554,522,716,666,772,0,0,402,840
0,1,1,1,1,1,1,1,1,0,1,0,0,542,50,456,146,346,192,454,272,458,444,642,546,514,708,674,770,0,0,418,810
0,0,0,0,1,1,1,1,1,0,1,0,0,0,0,0,0,0,0,606,12,596,228,358,402,552,664,338,736,0,0,670,836
0,1,1,1,1,1,1,1,1,0,1,0,0,538,58,462,158,346,194,454,274,460,428,640,546,512,706,658,766,0,0,402,818
1,1,1,1,1,1,0,0,0,0,0,514,50,466,240,580,402,748,472,594,574,602,864,0,0,0,0,0,0,0,0,0,0
0,1,1,1,1,1,1,1,1,0,1,0,0,566,74,486,176,386,210,470,288,474,440,634,558,514,724,674,780,0,0,416,794
0,1,1,1,1,1,1,1,0,1,1,0,0,520,56,586,160,690,158,596,246,588,424,410,494,520,670,0,0,364,722,632,778
0,1,1,1,1,1,1,1,1,0,1,0,0,490,54,570,156,666,184,584,250,578,436,394,486,498,662,370,684,0,0,602,766
0,1,1,1,1,1,1,1,1,0,1,0,0,532,54,452,154,362,170,446,248,438,408,614,472,518,650,652,674,0,0,416,750
0,1,1,1,1,1,1,1,1,0,1,0,0,560,56,484,170,372,162,470,286,466,450,662,530,550,714,698,734,0,0,440,844
0,1,1,1,1,1,1,1,1,0,1,0,0,482,44,560,154,640,188,570,242,562,412,392,492,502,656,386,670,0,0,612,746
0,1,1,1,1,1,1,1,1,0,1,0,0,532,58,442,164,370,180,442,254,436,404,598,478,502,650,644,674,0,0,418,752
1,1,1,1,1,1,1,0,0,0,0,514,46,466,216,586,390,742,422,596,538,590,796,322,914,0,0,0,0,0,0,0,0
0,1,1,1,1,1,1,1,1,1,1,0,0,514,58,598,166,674,198,602,254,594,422,428,492,544,658,412,670,350,730,642,738
0,0,0,0,0,1,1,1,1,1,1,0,0,0,0,0,0,0,0,0,0,456,198,706,290,538,546,714,578,826,674,396,704
0,1,1,1,1,1,1,1,1,0,1,0,0,562,64,474,162,400,184,480,250,466,412,634,490,516,658,666,682,0,0,442,754
0,1,1,1,1,1,1,1,1,0,1,0,0,484,64,566,160,650,186,564,246,564,408,402,478,494,642,370,658,0,0,592,730
0,1,1,1,1,1,1,1,1,0,1,0,0,482,68,552,162,652,176,562,248,558,414,392,478,490,634,370,654,0,0,582,738
0,1,1,1,1,1,1,1,1,0,1,0,0,536,42,472,146,378,146,466,234,468,394,630,458,530,626,650,634,0,0,444,744
0,1,1,1,1,1,1,1,1,0,1,0,0,558,52,484,148,402,162,480,232,474,382,638,466,542,634,676,634,0,0,456,734
1,1,1,1,1,1,1,0,0,0,0,514,84,460,292,600,402,754,414,606,534,602,776,334,912,0,0,0,0,0,0,0,0
0,1,1,1,1,1,1,1,1,0,1,0,0,554,52,474,162,396,170,472,236,470,394,630,466,532,642,672,650,0,0,450,730
0,1,1,1,1,1,1,1,1,1,1,0,0,506,60,584,164,658,202,592,252,584,434,426,494,532,658,414,684,340,738,626,738
0,0,0,0,0,1,1,1,1,1,1,0,0,0,0,0,0,0,0,0,0,636,202,402,312,568,546,394,592,284,670,702,684
0,1,1,1,1,1,1,1,1,0,1,0,0,558,54,476,164,410,182,476,256,476,408,630,498,522,658,666,682,0,0,454,744
0,1,1,1,1,1,1,1,1,0,1,0,0,560,66,490,160,402,176,490,258,484,410,646,492,542,658,666,684,0,0,462,770
0,1,1,1,1,1,1,1,1,1,1,0,0,484,66,558,150,654,180,568,242,566,406,390,464,500,616,404,640,338,688,598,728
0,1,1,1,1,1,1,1,1,1,1,0,0,508,44,584,144,674,170,580,234,580,404,416,458,522,606,436,634,374,678,606,740
0,1,1,1,1,1,1,1,1,0,1,0,0,558,46,488,152,396,146,490,248,482,418,652,478,544,624,656,666,0,0,446,732
0,1,1,1,1,1,1,1,1,1,1,0,0,538,74,480,150,374,146,474,234,466,402,636,470,526,618,636,654,700,722,426,740
0,1,1,1,1,1,1,1,1,0,1,0,0,482,48,556,140,644,174,568,240,564,402,388,462,494,634,388,638,0,0,602,732
0,0,0,0,0,1,1,1,1,0,1,0,0,0,0,0,0,0,0,0,0,578,188,328,250,482,514,324,538,0,0,624,650
0,1,1,1,1,1,1,1,1,0,1,0,0,478,50,562,146,636,180,570,240,568,400,396,462,498,626,386,638,0,0,606,720
0,1,1,1,1,1,1,1,1,0,1,0,0,556,60,474,154,400,174,470,248,462,380,634,470,530,624,656,644,0,0,444,718
0,0,0,0,0,0,1,1,1,0,1,0,0,0,0,0,0,0,0,0,0,0,0,714,260,458,164,728,538,0,0,410,650
1,1,1,1,1,1,1,0,0,0,0,546,36,586,208,456,388,320,394,456,550,450,770,718,916,0,0,0,0,0,0,0,0
0,1,1,1,1,1,1,1,1,1,1,0,0,482,58,548,146,642,176,554,244,556,386,394,454,500,604,390,634,326,678,584,732
0,1,1,1,1,1,1,1,1,0,1,0,0,480,64,558,158,632,186,554,246,564,392,396,464,508,614,380,640,0,0,592,714
